record_id	ref_annotations	test_annotations	matched_ref_inds	matched_test_inds	unmatched_ref_inds	unmatched_test_inds	true_positives	false_positives	false_negatives	specificity	positive_predictivity	fpr
I01	[   114    277    442 ... 462068 462243 462416]	[   125    288    453 ... 462252 462426 462598]	[   0    1    2 ... 2754 2755 2756]	[   0    1    2 ... 2410 2411 2412]	"[   4   16   32   52   67  100  108  113  118  139  144  146  150  154
  156  162  167  172  177  179  183  194  200  204  220  223  227  230
  234  237  241  244  247  251  254  258  262  266  270  274  278  282
  285  288  291  294  297  301  304  307  310  314  317  320  323  327
  330  333  337  340  348  351  354  382  385  388  396  400  403  407
  415  424  428  434  443  452  465  478  483  488  499  508  514  520
  526  540  546  552  558  568  574  580  598  604  660  678  965  976
  991 1035 1037 1043 1049 1067 1076 1082 1091 1100 1108 1110 1114 1118
 1123 1125 1129 1133 1138 1140 1144 1148 1152 1157 1162 1170 1174 1178
 1182 1186 1192 1198 1204 1208 1212 1222 1228 1234 1238 1242 1253 1259
 1269 1273 1280 1284 1288 1296 1308 1312 1317 1322 1325 1328 1331 1337
 1342 1347 1351 1355 1371 1381 1387 1393 1399 1403 1407 1411 1416 1421
 1426 1430 1435 1440 1443 1446 1449 1463 1467 1471 1476 1480 1484 1488
 1492 1496 1500 1504 1508 1519 1523 1531 1560 1565 1568 1571 1580 1583
 1592 1601 1632 1635 1641 1647 1653 1686 1692 1704 1707 1715 1718 1721
 1727 1736 1739 1742 1745 1766 1769 1772 1775 1780 1792 1810 1832 1850
 1856 1860 1864 1874 1878 1888 1898 1902 1917 1931 1935 1946 1956 1964
 1969 1973 1977 1982 1987 1992 1997 2000 2016 2019 2027 2033 2042 2048
 2087 2090 2096 2102 2176 2248 2274 2292 2299 2305 2309 2311 2317 2321
 2323 2327 2331 2335 2339 2343 2347 2351 2355 2360 2371 2381 2391 2397
 2401 2407 2417 2427 2437 2441 2450 2465 2473 2477 2481 2486 2491 2496
 2502 2505 2512 2522 2525 2528 2534 2543 2546 2557 2560 2569 2572 2578
 2583 2588 2597 2600 2603 2612 2615 2618 2624 2629 2632 2638 2641 2650
 2653 2659 2662 2665 2671 2674 2679 2682 2685 2691 2696 2710 2714 2718
 2722 2726 2730 2736 2739 2744 2749 2753]"	[2413]	2413.0	1.0	344.0	0.8752266956837141	0.9995857497928748	0.00041425020712510354
I02	[    11    192    375 ... 462040 462255 462468]	[    23    203    386 ... 462050 462264 462478]	[   0    1    2 ... 2671 2672 2673]	[   0    1    2 ... 2441 2442 2443]	"[   3    9   16   23   36   41   47   54   61   69   76   81  100  106
  111  123  131  144  156  162  169  191  216  246  260  291  297  324
  330  336  342  348  357  369  384  402  427  436  445  464  470  476
  521  533  548  560  636  731  740  760  784  816  847  890  914  941
  942  973 1004 1066 1071 1081 1087 1092 1097 1103 1110 1114 1121 1128
 1132 1141 1145 1151 1157 1166 1170 1175 1180 1185 1190 1195 1199 1204
 1205 1210 1216 1222 1228 1234 1240 1246 1252 1257 1263 1269 1275 1281
 1286 1291 1297 1302 1308 1313 1319 1324 1330 1336 1342 1347 1353 1358
 1364 1370 1376 1382 1387 1391 1397 1403 1407 1414 1419 1425 1431 1441
 1447 1452 1480 1491 1514 1518 1524 1537 1547 1555 1559 1565 1572 1579
 1586 1593 1611 1618 1622 1627 1633 1641 1647 1653 1659 1667 1673 1679
 1685 1691 1697 1703 1709 1715 1720 1726 1732 1737 1743 1748 1753 1759
 1765 1770 1776 1781 1786 1792 1797 1803 1808 1813 1819 1824 1830 1835
 1841 1846 1852 1857 1863 1868 1873 1879 1884 1889 1894 1900 1905 1911
 1916 1922 1927 1932 1938 1943 1950 1955 1960 1965 1971 1989 1999 2004
 2010 2023 2029 2034 2044 2055 2066 2123 2124 2201 2209 2253 2281 2285
 2290 2364 2483 2523 2557 2590]"	[]	2444.0	0.0	230.0	0.9139865370231862	1.0	0.0
I03	[     0    172    344 ... 462090 462272 462447]	[    19    179    351 ... 462098 462277 462454]	[   0    1    2 ... 2449 2450 2451]	[   0    1    2 ... 2365 2366 2367]	"[ 143  145  147  149  151  153  155  157  159  161  177  324  341  349
  357  360  372  398  546  566  591  597  626  633  635  637  639  641
  643  645  647  649  651  653  655  657  660  662  665  667  669  671
  673  675  785  848  860  871  886  890  899  913  947  959 1017 1150
 1153 1166 1172 1202 1224 1228 1239 1246 1251 1254 1257 1287 1294 1353
 1479 1536 1651 1658 1661 1685 1693 1704 1707 1805 1829 2186 2195 2198
 2393 2424]"	[1409 1466]	2366.0	2.0	86.0	0.9649265905383361	0.9991554054054054	0.0008445945945945946
I04	[   -11    187    393 ... 462118 462300 462481]	[    19    194    399 ... 462125 462307 462488]	[   1    2    3 ... 2421 2422 2423]	[   1    2    3 ... 2347 2348 2349]	"[   0   57  168  195  367  452  492  728  729  752  753 1303 1309 1378
 1380 1395 1425 1429 1457 1461 1473 1475 1487 1491 1493 1539 1548 1550
 1556 1558 1563 1576 1579 1581 1583 1585 1587 1589 1595 1599 1642 1644
 1675 1691 1695 1705 1715 1719 1725 1729 1733 1737 1741 1745 1749 1753
 1757 1761 1765 1767 1769 1775 1781 1797 2084 2086 2107 2178 2186 2200
 2211 2231 2237 2337 2350]"	[0]	2349.0	1.0	75.0	0.969059405940594	0.9995744680851064	0.000425531914893617
I05	[    88    346    612 ... 461823 462100 462374]	[    95    353    619 ... 461829 462107 462381]	[   0    1    2 ... 1773 1774 1775]	[   0    1    2 ... 1609 1610 1611]	"[  35  104  148  149  173  198  228  253  295  316  326  327  328  329
  354  355  357  361  362  363  381  384  391  434  439  441  448  449
  518  532  565  593  630  657  665  681  683  685  695  707  709  792
  807  839  850  891  897  917  918  922  931  945  981  984  986  987
  992  993  994  995  996  998  999 1002 1003 1004 1007 1008 1009 1012
 1013 1016 1017 1018 1019 1020 1021 1023 1024 1025 1026 1027 1030 1031
 1032 1033 1039 1041 1044 1045 1046 1047 1048 1049 1050 1051 1052 1053
 1054 1055 1057 1058 1059 1060 1061 1062 1063 1064 1067 1070 1072 1073
 1077 1078 1079 1082 1083 1088 1091 1092 1093 1094 1095 1098 1099 1100
 1101 1102 1104 1105 1106 1107 1108 1109 1110 1111 1112 1132 1209 1215
 1240 1247 1259 1281 1314 1328 1329 1342 1376 1379 1380 1389 1465 1474
 1482 1491 1493 1533 1554 1555 1627 1655 1684 1726]"	[]	1612.0	0.0	164.0	0.9076576576576577	1.0	0.0
I06	[   165    350    541 ... 462133 462322 462505]	[   170    356    547 ... 440784 440962 456435]										
I07	[    15    211    399 ... 462156 462326 462507]	[  3864   4233   4416 ... 403114 404946 405118]										
I08	[    57    303    551 ... 461937 462267 462393]	"[ 13262  22606  23385  23910  24462  25020  25584  26145  26689  27227
  27769  28582  29392  29921  30435  30958  32517  34948  39154  39406
  47049  51895  52041  52381  53695  54144  58278  59774  68629  72040
  72545  72795  77252  78546  78959  79616  79875  80118  82335  82605
  82872  83138  83678  85972  90503  91317  92168  93561  94358 126478
 126988 127453 127901 128347 128787 128924 129521 130022 130492 130961
 131422 131874 132311 132767 133231 133685 134148 134614 135085 146562
 147070 147573 152233 152480 153560 154049 154513 154974 155424 155878
 156333 156793 171649 172160 172638 173095 173542 173987 174442 174898
 175363 175842 176312 176785 177271 177739 178207 178686 179163 179640
 180113 180586 181055 181524 208624 215396 219119 244766 252522 259060
 265588 272227 273100 278658 306500 307663 308019 308725 329557 330773
 351147 362171 363592 363947 364303 364526 364994 365350 366396 366739
 369733 374021 375477 375887 376256 378169 378910 380140 380264 380491
 381740 382226 382412 383112 383957 384522 384985 385390 385809 386785
 388638 388998 389362 389756 390138 390546 397938 398400 398848 399286
 399718 400145 400584 401015 406683 409278 413005 424453 425969 426595
 428345 429468 430108 430765 438352 439449 444774 449192 450349 451811
 453511 453998 454447 454906 460850 461093 461951 462411]"										
I09	[    61    253    435 ... 462162 462300 462437]	[    19 159598 171111 317606 319558 322139 344028]										
I10	[   100    225    352 ... 462232 462357 462482]	"[    19  61451 136283 143249 143754 144261 144778 146188 147582 149023
 150709 154144 155013 157661 162909 175055 178649 189546 194513 194884
 198045 198782 209413 215184 219523 222188 229346 232295 235344 240655
 244781 246507 254226 259937 263426 264593 267118 273247 274482 281787
 282177 287772 297039 316003 329666 339198 347450 347842 352520 353283
 354290 368493 371771 378298 388310 406057 424582 433666 436821 437705
 444322 446228 459278 459663]"										
I11	[    55    248    472 ... 461925 462119 462309]	"[    19  62573  67386  76868  80055  80244  84329  84508  90436  91551
  91734  91920 108937 112916 166917 183533 209236 210381 210573 214521
 215475 215664 219821 220813 221005 221965 228262 229319 229501 229680
 230560 230740 237310 237498 247552 247742 284885 300516 326500 326710
 349113 373187]"										
I12	[    72    253    433 ... 462114 462289 462472]	"[240508 242076 263264 263657 265742 283209 283776 285601 289476 289878
 290051 290203 292570 293146 310178 311222 311742 324623 325797 326207
 326624 327323 329537 330117 332750 352320 353014 358297 360053 360497
 360649 361383 361682 366182 366314 371206 371439 371580 371857 379395
 379711 379868 380026 380186 380505 380663 380819 380975 381129 381283
 381432 383091 384138 384453 395185 397813 398149 404965 405720 409072
 411995 412142 412955 414626 417096 417400 417556 417870 418027 418183
 418499 418668 418846 420510 421513 422984 426188 426356 428864 436724
 461479]"										
I13	[   218    347    511 ... 461972 462208 462446]	[421193 421399 421792 422352 422532 437942 445047 451163]										
I14	[    64    330    623 ... 461932 462201 462480]	[    19 321762 415004]										
I15	[    49    231    408 ... 462112 462319 462514]	[ 87963 184743 241308 241580 249332]										
I16	[   150    487    828 ... 461720 462029 462350]	[   158    495    836 ... 461728 462037 462358]	[   0    1    2 ... 1519 1520 1521]	[   0    1    2 ... 1384 1385 1386]	"[ 257  258  260  261  263  264  265  266  267  268  269  270  271  272
  273  274  275  276  277  291  292  293  294  295  296  297  298  299
  300  301  302  303  304  305  306  307  308  309  310  311  317  318
  320  328  333  334  336  337  338  339  340  341  342  343  344  345
  346  347  348  349  351  352  354  355  356  357  358  359  360  361
  363  364  366  369  371  372  374  375  376  377  378  379  381  382
  383  384  385  386  389  390  391  392  393  394  395  396  397  398
  399  400  401  402  403  404  405  406  407  409  410  411  413  418
  419  498  499  519  551  560  594  595  608  643  735  783  784  818
  820  826  827  845 1214 1215 1239 1351 1352]"	[]	1387.0	0.0	135.0	0.9113009198423128	1.0	0.0
I17	[   -17    262    547 ... 461796 462068 462342]	[   271    555    835 ... 455183 455914 456620]										
I18	[   163    345    479 ... 462169 462342 462524]	[   171    353    748 ... 387277 387965 460298]										
I19	[   143    275    627 ... 462120 462345 462463]	"[    19   7071   8589   9669  10245  10844  13315  13687  14349  14957
  15549  19784  21132  22932  25307  31052  31798  33587  37081  38994
  39397  39775  41093  46370  55414  92029 216492 219598 227129 228216
 228813 229429 230001 230595 231110 231599 234870 235818 238149 242839
 243320 243799 247091 250367 253648 255985 260208 266786 267733 277139
 277879 278658 279297 279978 280602 281196 281827 282392 283018 283582
 284214 284792 285393 286569 287145 287743 288977 289567 290021 290149
 291788 293798 294864 296183 296963 297734 298492 298878 299250 300354
 301302 303548 304235 304551 304890 305528 306203 306931 307437 308185
 308941 310695 313197 314658 315411 316144 316637 317786 318442 319078
 319757 323598 324156 324756 325884 326476 327055 327623 328252 329463
 331998 333247 333931 334702 335813 337039 337687 338897 339498 340129
 341664 342800 343965 345417 346745 348545 352064 352731 354063 354726
 355390 356058 357202 357908 368394 370230 372039 372955 373641 374796
 375484 376147 377477 378132 378810 380647 381148 381630 384560 385218
 385866 388434 389557 396042 396713 398022 398700 399375 400528 401681
 402838 404238 405859 408634 409281 409930 411550 412219 413626 414327
 415113 416227 416905 418318 418930 419059 420329 423824 424018 425177
 425369 425554 425694 426092 426264 426400 427108 428569 429237 429908
 430583 431279 431988 432490 432999 434484 435235 436050 436629 437229
 437852 438462 439103 439708 440317 440907 441526 442112 442713 443773
 444469 445136 445746 446478 447081 447773 448467 449144 449821 450499
 451165 451815 452472 453121 453767 454415 454931 455059 455711 456360
 457012 457661 458306 458941 459575 460227 460884 462477]"										
I20	[    38    427    663 ... 462258 462405 462550]	"[    19    434    669    894   1106   1322   1469   1613   1842   2047
   2268   2671   2923   3153   3389   3626   3857   4088   4313   4700
   4937   5158   5372   5580   5958   6186   6330   6565   6789   6992
   7195   7401   7550   7806   8016   8408   8628   8772   9011   9173
   9400   9628   9849  10056  10267  10476  10614  10765  11020  11264
  11490  11706  11922  12135  12341  12558  12771  12984  13376  13601
  13746  13980  14197  14354  14598  14800  15005  15206  15412  15621
  15833  16046  16261  16475  16691  16909  17126  17343  17760  17987
  18204  18417  18629  18834  19044  19254  19461  19668  19871  20075
  20277  20477  20677  20818  20962  21171  21374  21578  21782  21926
  22081  22229  22444  22595  22742  22892  23043  23198  23349  23502
  23656  23815  23978  24142  24310  24478  24646  24809  24971  25133
  25295  25453  25609  25763  25912  26066  26219  26485  26729  26968
  27214  27446  27684  27920  28562  28784  29964  30219  30438  31037
  34660  34964  35177  35390  36456  36681  37513  37729  37953  38171
  38394  38620  39067  39292  39514  39733  39949  40170  40391  40605
  40825  41045  41479  41622  42119  42332  42546  42693  42948  44006
  44210  44840  45260  45472  46108  46320  46904  47183  47406  48044
  48256  48470  48685  49085  49320  49531  49743  49957  50167  50380
  50589  50806  51022  51237  51450  51664  51879  52094  52310  52943
  53158  53298  53551  53781  53990  54201  54411  54623  54837  55052
  55263  55479  55697  56979  57200  57412  57624  57769  57976  58230
  58448  58657  58865  59073  59276  59893  60043  60189  60640  60876
  61103  61248  61522  61734  62117  62352  62564  62774  62985  63197
  63405  63619  63836  64051  64269  64488  64697  64916  65082  65347
  65559  65772  65978  66406  66616  66822  67033  67238  67449  67662
  67874  68089  68304  68518  68727  68943  69157  69369  69509  69780
  69993  70136  70380  70601  70746  70990  71210  71417  71620  71832
  72042  72253  72464  72672  72884  73096  73310  73524  73739  73952
  74164  74374  74583  74728  74989  75200  75352  75614  75827  76041
  76190  76452  76662  76847  77076  77288  77502  77931  78143  78351
  78568  78779  78992  79204  79414  79626  79840  80054  80266  80475
  80682  80892  81102  81243  81503  81711  81915  82522  82721  82920
  83118  83302  83483  83665  83846  84027  84205  84384  84574  84784
  85205  85415  85624  85832  86038  86242  86446  86647  86844  87598
  87749  87975  88353  88536  88982  89196  90173  90785  91018  91229
  91368  92601  92859  93073  93283  93425  93686  93898  94102  94310
  94520  94722  94935  95120  95348  95490  95754  95960  96163  96372
  96512  96769  96976  97184  97392  97593  97796  98006  98222  98426
  98635  98841  99052  99262  99470  99678  99885 100089 100294 100502
 100884 101029 101308 101508 101705 101903 102303 102703 102903 103111
 103705 103926 104136 104341 104483 104698 104904 105108 105315 105525
 105739 105950 106167 106333 106852 107057 107271 107483 107626 107861
 108080 108293 108500 108707 108913 109120 109322 109532 109745 110170
 110380 110591 110805 111018 111226 111440 111652 111861 112069 112275
 112479 112622 112862 113087 113294 113497 113698 113904 114107 114312
 114512 114682 114921 115124 115335 115545 115754 115967 116180 116396
 116608 116824 117043 117254 117471 117687 118044 118307 118519 118727
 118934 119139 119350 119559 119769 119974 120189 120404 120618 120830
 121042 121247 121463 121675 121815 122077 122290 122500 122710 122921
 123134 123345 123554 123761 123971 124183 124396 124610 124823 125039
 125257 125526 126004 126307 126471 126740 126948 127157 127366 127571
 127783 127997 128211 128425 128810 129046 129262 129476 129690 129905
 130304 130534 130754 130970 131372 131607 131759 131973 132160 132329
 132495 132665 132826 133155 133320 133495 133677 133850 134041 134231
 134426 134701 134952 135206 135360 135635 135875 136023 136170 136403
 136634 136865 137090 137322 137550 137764 137981 138124 138408 138627
 139026 139169 139474 139679 139886 140094 140282 140508 140711 140854
 141110 141313 141460 141614 141839 142065 142284 142501 142704 142906
 143312 143449 143695 143902 144103 144301 144500 144695 144897 145100
 145298 145500 145696 145893 146091 146282 146475 146616 146813 146985
 147161 147331 147499 147976 148285 151404 153139 182216 185655 188851
 198158 204532 205141 215249 216246 216966 219302 220891 221511 222678
 223234 224339 235891 240348 243286 244915 245669 245823 247337 247487
 253885 258529 259549 259939 262866 264103 265149 265378 266242 267488
 268402 270882 272563 273093 274165 275683 276832 280387 280700 281335
 283346 283887 284377 291857 295274 296631 297256 297962 303026 303370
 304015 306851 308739 310905 311863 312963 316808 316961 321234 322696
 323504 327143 327605 329186 329338 330660 331135 331674 344003 346505
 347977 349954 352551 352975 353154 353285 353462 353619 357061 357509
 357946 359162 359776 360054 360351 360503 360796 361368 363580 364230
 367745 368439 371180 372561 372737 372910 374088 374765 375107 375276
 375963 376136 377317 377975 378143 378616 378958 379469 379637 379809
 379980 380156 380327 381656 382907 383382 385369 385877 386212 386551
 386719 386887 387058 387226 387389 387864 388025 388181 388340 388652
 388808 388964 389122 389723 389879 390035 390349 390862 391361 391880
 393330 394621 394965 395130 395294 395624 396946 399606 400414 404960
 405634 406557 406706 406859 407012 407637 408370 408700 408857 409012
 409614 410206 410360 410660 410968 412653 412824 413791 413965 414438
 414892 416709 416872 417041 417547 417896 418057 418575 418741 419075
 420464 421381 422169 422805 422970 426043 441510 441664 448261 449577
 452376 457225]"										
I21	[   146    357    572 ... 462089 462290 462492]	"[    19    153    364    579    792   1001   1146   1404   1629   1855
   2075   2288   2504   2720   3112   3338   3556   3766   3970   4180
   4388   4596   4752   4912   5136   5354   5574   5788   6001   6207
   6413   6617   6825   7033   7239   7450   7662   7869   8078   8285
   8439   8641   8878   9081   9281   9482   9684   9883  10083  10273
  10463  10648  10832  11021  11214  11410  11611  11814  12017  12224
  12436  12643  12854  13067  13277  13496  13715  13930  14149  14364
  14582  14803  15020  15238  15458  15678  15892  16114  16333  16547
  16766  16984  17196  17417  17635  17845  18056  18897  19111  19329
  19545  19764  19982  20203  20420  20643  20864  21471  21680  21880
  22079  22276  22469  25541  31318  31706  31902  32094  32294  32497
  32702  32913  33278  33484  33676  33863  34009  34234  34422  34627
  34832  35035  35236  35442  35650  35859  36070  36664  36808  37049
  37252  37410  37590  37753  37978  38204  38428  38653  38888  39123
  39350  39584  39813  40040  40260  40489  40712  40933  41152  41369
  41592  41739  42013  42234  42453  42664  42872  43079  43289  43500
  43715  43928  44141  44361  44581  44800  45015  45237  45456  45679
  45896  46111  46330  46542  46694  46962  47179  47394  47546  47819
  48043  48254  48424  48688  48900  49114  49328  49937  50151  50358
  50563  50772  50988  51202  51417  51634  51853  52065  52454  52683
  53069  53283  53422  53684  53893  54044  54277  54437  54728  54943
  55152  55367  55983  56202  56416  56633  56856  57076  57289  57515
  57740  57959  58179  58401  58623  58844  59068  59291  59509  59733
  59886  60143  60390  60611  60827  61042  61250  61466  61617  61878
  62102  62320  62536  62748  62967  63183  63397  63622  63844  64059
  64284  64506  64721  64946  65166  65381  65601  65822  66041  66258
  66477  66696  66909  67129  67345  67561  67777  67997  68216  68430
  68651  68869  69085  69304  69525  69744  69958  70180  70397  70615
  70763  71048  71277  71497  71649  71921  72159  72379  72595  72814
  73033  73247  73460  73680  73879  74113  74329  74546  74764  74981
  75195  75413  75628  75844  76057  76275  76492  76709  77091  77320
  77536  77743  77891  78144  78364  78589  78811  79030  79256  79884
  80495  81085  81239  81457  81663  82246  82453  82659  82809  83061
  83283  83448  83715  83945  84164  84388  84608  84822  85040  85256
  85468  85681  85898  86114  86324  86535  86750  86958  87579  87787
  87998  88210  88427  88647  88867  89088  89310  89533  89757  89978
  90204  90428  90654  90879  91105  91331  91551  91774  91932  92087
  92380  92633  92866  93085  93302  93464  93737  93954  94172  94388
  94600  94818  95035  95246  95459  95683  95899  96111  96329  96548
  96768  96988  97210  97433  97650  97873  98097  98318  98536  98755
  98975  99191  99413  99631  99848 100068 100283 100496 100715 100931
 101141 101350 101565 101779 101985 102194 102412 102621 102830 103043
 103255 103462 103675 103887 104097 104718 104941 105156 105309 105570
 105790 106008 106224 106439 106657 107050 107288 107677 107906 108123
 108331 108545 108924 109142 109354 109562 109769 109982 110204 110423
 110647 110864 111080 111305 111524 111742 111964 112185 112404 112628
 112849 113067 113288 113509 113728 113945 114165 114385 114601 114818
 115032 115245 115457 115671 115880 116089 116300 116510 116718 116928
 117137 117346 117556 117766 117966 118163 118367 118583 118800 119012
 119228 119445 119664 119884 120112 120344 120572 120800 121029 121255
 121484 121712 121937 122166 122395 122626 122854 123077 123304 123531
 124082 124620 124824 125025 125227 125431 125642 125853 126069 126284
 126441 126714 126932 127147 127364 127579 127792 127953 128212 128426
 128637 128855 129067 129277 129498 129716 129928 130157 130374 130599
 131163 131677 131887 132088 132284 132481 132679 132881 133089 133236
 133489 133716 133885 134144 134368 134525 135237 136576 136959 137145
 137696 137876 138055 138237 138578 138815 139026 139236 139876 140090
 140304 140518 140938 141148 141357 141571 141931 142189 142406 142826
 143036 143248 143667 143873 144084 144506 144718 144932 145360 145575
 146220 146435 147041 147248 147849 148050 148662 148868 149285 149897
 150098 150493 150692 150891 151288 151489 151691 152087 152286 152485
 152885 153056 153286 153681 153880 154664 154862 156596 156794 157001
 157210 157625 157836 158044 158247 158456 158605 158862 159527 174162
 174554 174721 175720 175874 176277 176794 176960 177197 177398 177961
 178527 178729 178930 179137 179346 179559 179776 179988 180210 180433
 180658 180878 181105 181331 181555 181781 182002 182225 182450 182675
 182896 183119 183510 183744 184122 184329 184526 184724 184924 185069
 185322 185540 185712 185979 186200 186414 186637 186855 187073 187236
 187506 187729 187947 188162 188332 188808 189025 189247 189472 189698
 189923 190321 190556 190781 190999 191215 191433 191652 191872 192093
 192315 192539 192763 192983 193207 193426 193648 193869 194089 194308
 194532 194753 194973 195189 195408 195621 195832 196047 196261 196473
 196682 196898 197113 197323 197537 197754 197973 198188 198410 198630
 198846 199070 199293 199509 199898 200121 200334 200546 200754 200962
 201175 201390 201817 202045 202256 202907 203125 203345 203569 203796
 204020 204248 204472 204873 205115 205497 205737 206116 206334 206542
 206685 206918 207121 207334 207555 207774 207998 208228 208458 208692
 208928 209167 209402 209642 209879 210115 210350 210580 210811 211046
 211278 211506 211731 211958 212190 212420 212642 212872 213096 213320
 213547 213771 213987 214207 214421 214634 214847 215237 215464 215686
 215896 216108 216320 216532 216678 216926 217150 217374 217587 217803
 218020 218232 218450 218670 218886 219106 219324 219543 219759 219977
 220192 220578 220797 221001 221206 221359 221810 222014 222226 222434
 222653 222869 223077 223292 223443 223709 223936 224150 224365 224585
 224806 225023 225240 225459 225678 226304 226519 226735 226948 227159
 227376 227596 227812 228033 228255 228475 228870 229106 229332 229552
 229767 229990 230205 230418 230636 230853 231068 231287 231504 231719
 231934 232149 232365 232585 232803 233017 233234 233446 233658 233872
 234083 234294 234448 234695 234919 235143 235357 235573 235787 235998
 236428 236630 236828 237024 238688 238865 239040 239385 239557 239736
 291446 291589 305650 306134 306288 306434 306579 306723 306867 307011
 307159 307311 307478 307641 307876 308075 308281 308488 308693 308902
 309734 309934 310084 310226 318213 322152 331095 337475 345383 355611
 357879 358083 359541 361844 362056 362269 362486 362705 362931 363154
 363381 364038 367585 367727 369832 397012 448657]"										
I22	[   186    338    494 ... 462217 462341 462466]	[   193    345    500 ... 462224 462348 462472]										
I23	[   161    403    653 ... 462039 462279 462510]	[   415   1146   1380 ... 462051 462290 462522]	[   1    4    5 ... 2202 2203 2204]	[   0    1    2 ... 1988 1989 1990]	"[   0    2    3    6    7   10   12   13   15   16   19   20   21   22
   23   24   25   26   27   29   30   32   33   34   35   36   38   39
   45   46   49   51   52   53   54   55   56   60   61   62   64   65
   66   67   68   69   70   71   72   73   74   75   76   77   78   79
   80   81   82   83   84   85   86   87   88   89   90   91   92   93
   94   95   96   97   98   99  100  101  102  103  104  105  106  107
  108  109  110  111  112  113  114  115  116  117  118  119  120  121
  122  123  124  125  126  127  128  129  130  131  132  133  134  135
  136  137  138  139  140  141  142  143  144  145  146  147  148  149
  150  151  152  153  154  155  156  157  158  159  160  161  162  163
  164  165  166  167  168  170  171  172  173  174  175  176  177  178
  179  180  181  182  183  184  185  186  187  188  189  190  191  192
  193  194  195  196  197  198  199  200  201  202  203  204  205  206
  207  208  209  211  212  213  227  245  247  255  257  291  467  468
  512  559  684  686  713  735  902  910  916  991 1034 1348 1819 1969
 2001 2059 2118 2119]"	[]	1991.0	0.0	214.0	0.9029478458049887	1.0	0.0
I24	[     6    161    312 ... 462115 462314 462513]	[    19    172    325 ... 462127 462325 462524]	[   0    1    2 ... 2568 2569 2570]	[   0    1    2 ... 2314 2315 2316]	"[  59   60   69   75   97   98  420  423  424  425  466  588  589  650
  655  755 1009 1010 1011 1012 1013 1023 1027 1028 1032 1036 1040 1058
 1063 1067 1068 1072 1076 1080 1084 1088 1089 1093 1097 1101 1105 1106
 1109 1113 1114 1117 1118 1119 1120 1121 1122 1123 1125 1126 1127 1128
 1129 1130 1131 1132 1133 1134 1135 1136 1137 1140 1141 1142 1144 1145
 1146 1148 1149 1150 1153 1154 1157 1158 1159 1160 1161 1162 1163 1164
 1165 1166 1167 1169 1170 1171 1172 1173 1174 1175 1176 1178 1179 1180
 1182 1183 1184 1186 1187 1194 1195 1196 1197 1198 1199 1200 1201 1202
 1203 1204 1205 1206 1207 1208 1209 1210 1211 1212 1213 1214 1216 1217
 1218 1221 1222 1225 1226 1227 1228 1231 1232 1235 1236 1237 1240 1241
 1244 1245 1248 1249 1252 1253 1254 1256 1257 1258 1259 1260 1261 1262
 1264 1265 1266 1267 1273 1274 1276 1277 1278 1279 1280 1281 1282 1283
 1284 1285 1286 1287 1288 1289 1290 1291 1292 1293 1294 1295 1296 1297
 1298 1299 1300 1302 1303 1304 1307 1308 1309 1310 1311 1312 1313 1314
 1316 1317 1318 1321 1322 1323 1324 1325 1326 1327 1328 1329 1330 1331
 1332 1333 1334 1338 1341 1342 1343 1345 1346 1347 1348 1350 1351 1352
 1355 1356 1357 1358 1359 1360 1361 1420 1445 1517 1518 1519 1520 1522
 1523 1524 1855 1873 2129 2305 2308 2309 2310 2311 2316 2362 2522 2543
 2555 2556]"	[]	2317.0	0.0	254.0	0.9012057565149747	1.0	0.0
I25	[   106    343    580 ... 461822 461990 462383]	[    19   4221 215292 215518 284218]										
I26	[   277    620    957 ... 461639 461986 462335]	[110417]										
I27	[   117    281    389 ... 462079 462257 462365]	[   124    288    620 ... 461839 462085 462264]	[   0    1    3 ... 2601 2602 2603]	[   0    1    2 ... 2104 2105 2106]	"[   2    5    9   11   13   16   19   22   25   28   31   34   37   40
   43   46   49   52   55   59   63   69   72   75   78   81   84   87
   90   94   99  102  105  111  114  118  123  126  129  132  135  138
  141  144  147  150  153  156  159  162  165  168  171  174  177  180
  183  186  189  193  197  203  206  209  212  215  218  221  224  228
  232  237  243  247  249  255  257  261  264  268  272  276  282  289
  291  293  297  299  301  305  309  312  315  318  321  324  327  330
  333  336  339  342  345  348  351  354  357  360  363  366  369  372
  375  378  382  456  459  462  465  469  473  476  479  482  485  488
  491  494  497  500  503  506  509  512  515  518  521  524  527  530
  533  536  540  652  665  668  698  701  704  709  717  720  723  732
  735  738  744  747  750  753  756  759  762  765  768  771  774  777
  780  783  789  792  795  798  801  804  807  810  816  819  822  825
  828  831  834  847  853  856  859  862  865  869  873  879  882  888
  891  894  897  900  903  906  909  918  921  924  927  930  933  936
  939  942  945  948  954  957  960  963  966  969  972  981  984  987
  990  993  996  999 1002 1005 1008 1011 1014 1017 1020 1023 1026 1032
 1035 1038 1041 1044 1047 1050 1053 1056 1059 1062 1065 1068 1071 1074
 1077 1080 1083 1098 1101 1104 1107 1110 1113 1116 1119 1122 1125 1128
 1131 1134 1137 1140 1143 1146 1162 1168 1172 1176 1180 1184 1188 1198
 1202 1208 1211 1214 1217 1229 1232 1235 1238 1241 1244 1247 1250 1253
 1256 1259 1262 1269 1273 1277 1281 1284 1290 1293 1297 1301 1305 1309
 1313 1317 1323 1330 1334 1338 1342 1346 1352 1355 1358 1364 1367 1379
 1382 1388 1391 1394 1400 1416 1420 1424 1428 1432 1438 1441 1444 1450
 1453 1456 1459 1471 1480 1492 1495 1501 1523 1527 1531 1537 1540 1546
 1555 1574 1581 1585 1589 1593 1597 1603 1607 1611 1613 1619 1623 1627
 1631 1635 1639 1643 1647 1653 1657 1662 1665 1668 1671 1684 1689 1704
 1708 1714 1728 1732 1737 1742 1750 1754 1759 1762 1774 1778 1782 1790
 1793 1797 1802 1814 1849 1861 1867 1870 1879 1887 1895 1898 1912 1929
 1932 1936 1940 1944 1948 1954 1970 1978 1995 1998 2013 2016 2049 2059
 2064 2067 2079 2082 2088 2119 2122 2135 2139 2145 2160 2172 2181 2184
 2191 2195 2201 2210 2213 2225 2228 2267 2275 2278 2290 2293 2300 2306
 2309 2315 2319 2336 2339 2355 2359 2363 2367 2377 2381 2392 2395 2398
 2401 2409 2413 2421 2425 2427 2429 2435 2441 2444 2447 2450 2453 2456
 2463 2467 2474 2477 2483 2486 2494 2497 2503 2515 2526 2529 2535 2546
 2549 2555 2567 2586 2589 2595 2598 2604]"	[]	2107.0	0.0	498.0	0.8088291746641075	1.0	0.0
I28	[   105    418    719 ... 461845 462115 462389]	[   111    424    725 ... 461851 462121 462395]	[   0    1    2 ... 1714 1715 1716]	[   0    1    2 ... 1712 1713 1714]	[1428 1453]	[]	1715.0	0.0	2.0	0.9988351776354106	1.0	0.0
I29	[    16    289    408 ... 462190 462368 462544]	"[    20   2394  68553  69435  70251  70661  85645  97311 104386 104852
 106730 109947 128989 133874 138454 138744 140291 146774 149781 168390
 180397 183239 183723 184454 188745 189968 190299 190952 191762 194419
 194613 194955 195787 197331 199585 199922 200526 200869 201524 202529
 202912 203610 203915 204101 204441 204660 204855 205205 205872 206307
 207222 207669 207916 208317 208827 209607 213355 215841 222944 224007
 225545 233008 235973 236312 236636 236959 239792 240110 240429 240745
 241062 242806 245204 247531 247840 248148 249326 263114 263438 264063
 264373 265060 273395 276542 276804 281996 282597 282885 289893 291637
 291984 294217 303139 308235 318488 319152 319828 320164 320991 321629
 322287 322622 322949 323277 323615 323949 367694 371956 399979 403273
 407087 407820 408176 410469 427980 428685 436121 436456 444235 450186
 450522 450843 451168]"										
I30	[    12    246    504 ... 462232 462423 462545]	"[    20   1932  11006  13778  21315  24559  31019  33824  52297  53066
  56889  67920  74623  84973  96618  97233  97946  98817  99314  99814
 100996 101594 102280 104602 106296 106526 107176 108080 108308 108612
 108944 109172 109377 109598 110362 110907 111762 112199 112517 112840
 113698 114012 114889 115758 123473 123988 124778 125092 125410 129367
 129664 129964 130924 132572 132901 134132 134403 134684 134964 135246
 137945 138235 138518 138807 139094 139387 139674 139960 140248 140543
 140834 141122 141702 141998 142287 142590 142864 143149 146232 146543
 146845 174707 175811 178951 180685 183259 185568 191038 191718 199848
 201338 203020 203764 204999 207280 208101 209252 221169 226215 229469
 233640 237414 241268 248671 251641 253013 263443 264347 265057 265804
 266546 267227 267577 268913 269600 277943 278261 278555 279755 280930
 314053 322594 322948 323282 323609 324303 325002 334189 352709 355459
 357164 361036 361541 362818 364090 366082 367064 368727 370033 372351
 388827 392020 400679 402256 402674 406294 408620 411875 413472 441645
 442420 445999 452679 454671 455569 457699 458567]"										
I31	[    43    152    324 ... 462069 462328 462453]	"[    20   2902   5452   7360   9152  10662  13434  13719  23282  33021
  34916  43619  48376  65522  65980  68050  68922  76581  76841  77095
  80511  80787  81339  82133  83170  83699  84530  87027  87306  87583
  88804  91023  92460  98934  99489 103063 103350 103640 103928 104213
 108203 108497 108794 109077 109365 110844 112182 112479 112761 113054
 113342 117527 117845 118774 119056 119345 119626 119911 120195 123030
 123628 127084 128249 129107 129389 129680 129954 130238 130520 130806
 131104 131392 133165 133454 133752 134040 134336 134624 134906 135195
 135479 136074 136348 138385 138683 138985 139282 139577 139858 140155
 140449 146224 146544 149839 153045 154256 154562 158454 158780 159410
 162534 162856 163160 163751 167244 167869 171793 172099 173370 174251
 177456 181235 186332 189393 189966 190254 190544 190827 191118 191415
 191695 192275 193434 195600 197607 200417 202184 202463 204467 206618
 207485 209376 209668 209968 210253 210541 210834 213431 214621 215312
 215993 216646 217632 217999 219220 220623 222999 223201 229154 229376
 230512 232503 232934 233359 235147 237438 238974 239420 239748 240287
 240724 241824 242048 245437 245659 247358 247570 247891 252223 252436
 253242 254717 255035 255853 256056 256689 257202 262668 263177 264369
 265677 268259 273111 273664 274228 274502 274776 275052 275321 276400
 279524 282038 282324 285000 285292 285585 285867 286151 287014 287871
 292470 292737 294626 294903 302716 303311 303617 303874 305738 307224
 307987 313994 315987 316267 316837 317119 317680 317958 318241 318518
 318795 319073 319354 319628 319907 322257 328013 329896 338423 339742
 341361 342980 346663 347518 347798 348073 348350 348623 348895 350748
 351040 351325 351593 351879 352160 352439 352708 353252 353529 353794
 354054 354314 354580 355960 356527 357381 359558 363978 368019 368484
 370107 371765 376028 377980 383585 390062 390679 392807 393506 394552
 394872 396702 396998 397292 398181 398449 399699 401696 403334 406789
 407492 410773 412405 415343 416641 418200 419182 420179 424771 427013
 427814 430457 432552 438942 440928 450060 453309]"										
I32	[    72    373    690 ... 461848 462149 462470]	[260135 260944 263167 265671]										
I33	[    12    280    497 ... 462037 462321 462475]	[    26    287    503 ... 462043 462328 462481]										
I34	[    60    314    574 ... 462017 462219 462378]	[    66    321    580 ... 461439 461636 462225]										
I35	[   -15    216    329 ... 462238 462363 462490]	[   223    348    563 ... 462245 462371 462497]										
I36	[    13    112    211 ... 462145 462315 462483]	[    19    217    414 ... 462152 462322 462490]										
I37	[   145    333    514 ... 462098 462282 462463]	[    19    152    340 ... 462106 462289 462471]	[   0    1    2 ... 2458 2459 2460]	[   1    2    3 ... 2357 2358 2359]	"[  11  103  180  204  211  308  317  347  378  486  507  509  511  518
  523  560  592  599  604  655  666  675  696  731  741  822  835  866
  868  920  968  996 1003 1019 1036 1142 1144 1159 1179 1204 1238 1273
 1300 1302 1326 1338 1340 1386 1399 1406 1430 1439 1443 1447 1544 1557
 1589 1615 1636 1647 1649 1660 1671 1713 1722 1731 1759 1768 1777 1798
 1811 1858 1868 1870 1877 1881 1907 1917 1922 1927 1932 1937 1942 1947
 1956 1988 2014 2019 2080 2085 2164 2169 2191 2224 2296 2301 2323 2325
 2334 2339 2348 2391]"	[0]	2359.0	1.0	102.0	0.958553433563592	0.9995762711864407	0.000423728813559322
I38	[    66    198    401 ... 462038 462175 462260]	[    20    207    413 ... 396316 396442 396573]										
I39	[     2    200    403 ... 461828 462136 462437]	[    20    206    408 ... 444932 445826 450349]										
I40	[   157    348    541 ... 462128 462299 462472]	[    19    166    355 ... 462138 462308 462481]	[   0    1    2 ... 2663 2664 2665]	[   1    2    3 ... 2575 2576 2577]	"[1287 1436 1438 1440 1442 1444 1446 1448 1450 1452 1454 1456 1458 1605
 1607 1609 1611 1613 1615 1617 1619 1621 1623 1625 1627 1629 1631 1633
 1635 1637 1639 1641 1643 1645 1647 1649 1651 1653 1655 1657 1661 1663
 1665 1667 1669 1671 1675 1677 1679 1681 1683 1685 1687 1691 1693 1695
 1697 1699 1701 1703 1705 1707 1709 1711 1713 1715 1717 1719 1721 1723
 1725 1727 1729 1731 1733 1735 1737 1739 1741 1743 1745 1749 1751 1753
 1757 1759 1761 2029 2181]"	[0]	2577.0	1.0	89.0	0.9666166541635409	0.9996121024049651	0.0003878975950349108
I41	[   209    485    777 ... 461904 462175 462446]	[   218    492    783 ... 461913 462184 462455]	[   0    1    2 ... 1627 1628 1629]	[   0    1    2 ... 1627 1628 1629]	[]	[]	1630.0	0.0	0.0	1.0	1.0	0.0
I42	[   103    221    480 ... 462183 462294 462574]	[   113    237    490 ... 462001 462193 462585]										
I43	[    12    129    430 ... 462029 462148 462455]	[    19    145    440 ... 462164 462465 462590]										
I44	[   -10    228    411 ... 462063 462244 462429]	[    20    236    419 ... 462252 462437 462598]	[   1    2    3 ... 2492 2493 2494]	[   1    2    3 ... 2458 2459 2460]	"[   0  114  491  494  533  535  543  567  630  677  737  751  844  874
  884  890  896  922  931  943  949  955 1001 1025 1028 1031 1034 1083
 1090 1097 1192 1278 1281 1429 2233]"	[   0 2461]	2460.0	2.0	35.0	0.9859719438877755	0.9991876523151909	0.0008123476848090983
I45	[    65    305    437 ... 462027 462156 462512]	[    73    313    449 ... 462037 462169 462521]	[   0    1    2 ... 1925 1926 1927]	[   0    1    2 ... 1924 1925 1926]	[222]	[]	1927.0	0.0	1.0	0.9994813278008299	1.0	0.0
I46	[   262    478    701 ... 462214 462363 462515]	[    19    267    487 ... 462224 462372 462525]	[   0    1    2 ... 2655 2656 2657]	[   1    2    3 ... 2605 2606 2607]	"[ 946  959 1008 1080 1285 1340 1348 1403 1609 1646 1662 1688 1737 1786
 1801 1874 1886 1893 1900 1912 1961 1966 2010 2020 2032 2047 2067 2074
 2081 2108 2117 2122 2149 2164 2173 2212 2220 2225 2365 2415 2416 2473
 2488 2530 2539 2556 2564 2569 2583 2588 2639 2654]"	[   0 2377]	2606.0	2.0	52.0	0.9804364183596689	0.9992331288343558	0.0007668711656441718
I47	[   117    279    614 ... 462047 462294 462532]	"[  7790   8140  71221  84461  84912 284009 287434 288236 392520 437947
 457126]"										
I48	[   209    446    676 ... 462077 462268 462483]	"[  1992   3696  12895  13110  13304  16359  22189  84515  86603  96667
 132880 135985 136314 141896 142425 155227 163697 164426 216863 231214
 231487 236747 242386 297890 299912 310731 322313 327663]"										
I49	[    55    120    343 ... 461954 462157 462374]	[   126    348    571 ... 462166 462382 462598]	[   1    2    3 ... 2145 2146 2147]	[   0    1    2 ... 2129 2130 2131]	"[   0  440  622  798  835  999 1168 1251 1433 1557 1737 1766 1893 1908
 2001 2039]"	[2132]	2132.0	1.0	16.0	0.9925512104283054	0.9995311767463666	0.00046882325363338024
I50	[    58    145    358 ... 462186 462348 462516]	[   153    366    594 ... 462196 462362 462530]	[   1    2    3 ... 2996 2997 2998]	[   0    1    2 ... 2989 2990 2991]	[   0  757  759 1302 1344 2444 2777]	[]	2992.0	0.0	7.0	0.9976658886295432	1.0	0.0
I51	[    84    361    478 ... 462196 462313 462569]	[   371    760   1141 ... 461823 462205 462579]										
I52	[   190    508    816 ... 461908 462199 462485]	[   199    516    825 ... 461917 462207 462495]	[   0    1    2 ... 1744 1745 1746]	[   0    1    2 ... 1607 1608 1609]	"[170 172 174 176 178 180 182 184 186 188 190 192 194 196 198 200 202 204
 206 208 210 212 214 216 218 220 222 224 226 228 230 232 234 236 238 240
 242 244 246 248 250 252 254 256 258 260 262 264 266 268 270 272 274 276
 278 280 282 284 286 288 290 292 294 296 298 300 302 304 306 308 310 312
 314 316 318 320 322 324 326 328 330 332 334 336 338 340 342 344 520 522
 524 526 528 530 532 534 536 538 540 542 544 546 548 550 552 554 556 558
 560 562 564 566 568 570 572 574 576 578 580 582 584 586 588 590 592 594
 596 598 600 602 604 606 608 610 612 614 616]"	[]	1610.0	0.0	137.0	0.9215798511734402	1.0	0.0
I53	[    53    170    388 ... 462193 462440 462560]	[    62    397    642 ... 461740 462085 462450]										
I54	[   132    323    515 ... 462163 462338 462534]	"[ 55543  74467  74617  74758  74983  75235  75422  75598  75747  80451
 114931 140833 141039 141211 141559 141728 141930 142058 142271 142458
 142840 142982 143243 143449 143610 144311 144515 145500 146215 146489
 146841 147174 147303 153065 153199 153655 153897 154077 154339 154497
 154825 155062 155210 155518 155683 155826 155980 156185 169626 170206
 170335 170875 172666 173926 174463 174707 174969 175145 175314 175480
 175679 175885 176082 180665 180988 244664 244870 245627 245851 245999
 246185 268047 268217 268415 268610 268746 268963 269161 269369 269499
 269725 271319 271536 271787 272012 272250 272525 278571 293012 295437
 301909 305479 306975 307129 307629 308756 308948 309205 309343 309572
 309792 310246 310448 311822 312916 313064 313196 313412 313593 313834
 314053 314540 314688 314958 315135 346288 346420 347011 347478 347999
 348137 370784 370956 371093 380676 380897 381166 401039 401254 401541
 401671 401798 422110 422300 422482 430534 457172 457357 457557 457753
 458352 459064 459322 459517]"										
I55	[    72    275    479 ... 461946 462164 462386]	[128949 196684 381143 412827 415428 415624]										
I56	[   108    400    689 ... 461869 462170 462465]	[ 64850 291594]										
I57	[    -8    150    307 ... 462108 462311 462516]	"[    19  93542  96640 113760 135650 141462 144214 145220 158756 269101
 382768 387654]"										
I58	[    69    275    484 ... 462132 462325 462524]	[    19 380725 380992 387537 440940 441497 462122 462414]										
I59	[   103    393    696 ... 461926 462155 462389]	[   119    409    711 ... 461941 462170 462396]	[   0    1    2 ... 2145 2146 2147]	[   0    1    2 ... 1944 1945 1946]	"[  12   19   47   73   76   79   92   95  146  161  190  205  221  224
  282  286  301  317  329  339  342  378  388  400  406  413  423  440
  441  444  447  450  453  456  459  462  463  466  469  476  479  482
  485  492  495  507  509  510  512  513  516  522  528  531  534  537
  540  546  549  552  556  559  566  569  572  575  578  581  584  586
  587  588  589  590  593  596  599  602  605  629  633  636  639  642
  645  652  655  658  668  739  743  747  770 1098 1120 1126 1132 1141
 1153 1154 1160 1164 1167 1177 1179 1183 1185 1187 1189 1190 1191 1193
 1195 1196 1197 1199 1201 1203 1207 1208 1210 1212 1214 1216 1218 1220
 1221 1222 1224 1226 1228 1230 1232 1233 1236 1237 1238 1239 1240 1241
 1243 1246 1261 1267 1270 1271 1272 1274 1276 1277 1278 1280 1282 1284
 1288 1289 1292 1294 1296 1298 1300 1302 1304 1306 1308 1310 1312 1314
 1316 1318 1322 1324 1325 1326 1328 1329 1330 1332 1333 1334 1336 1338
 1340 1342 1344 1346 1348 1350 1352 1354 1356 1358 1360 1362 1364 1366
 1380 1381 1398 1400 1402]"	[]	1947.0	0.0	201.0	0.9064245810055865	1.0	0.0
I60	[    24    247    466 ... 462104 462267 462431]	[    20    263    481 ... 462110 462274 462447]	[   0    1    2 ... 2472 2473 2474]	[   0    1    2 ... 2469 2470 2471]	[ 829 2358 2360]	[]	2472.0	0.0	3.0	0.9987878787878788	1.0	0.0
I61	[    70    379    688 ... 461706 462059 462383]	"[180063 180318 181594 183647 187499 204057 204348 229672 229922 230183
 230464 230730]"										
I62	[   266    546    817 ... 462078 462263 462456]	[   19 87853]										
I63	[    97    319    472 ... 462008 462167 462486]	"[  4787   6107   6284   6471   6643  23676  28277  61946  62133  62304
  62512  62758  63527  64880  86316  91472  98206 112532 112981 113136
 114706 133722 133962 136114 137865 164555 165034 165202 168515 170356
 192735 200634 220756 242313 243016 243259 243480 243705 248815 253261
 254457 254904 255133 255351 255553 255749 255964 256179 256306 256603
 256751 256896 257045 257198 257358 257508 257654 257795 266635 272094
 275454 283360 305809 312256 333846 334030 336983 340684 351725 355150
 367605 382063 382881 385882 393159 394704 402758 404334 419094 429664
 434061 435641 437986 442668 444197 444369 444576 444738 456433]"										
I64	[    31    272    515 ... 462077 462319 462564]	"[  6360  69031  79058 188696 189482 202273 269117 269297 269652 361855
 368932 383938]"										
I65	[   172    280    572 ... 462015 462224 462433]	"[   584   1297   1969   2141   2314   2491   2999   3573   3938   4111
   4624   4787   5109   5268   5427   5588   5929   7704   8013   8165
   8322   8480   8802   9273   9428  10334  10485  10636  10958  11129
  12456  12623  12795  12970  13321  13488  13662  13839  14714  15058
  17072  17955  18125  18292  19758  19935  20282  20457  20630  20973
  21141  21480  21650  21816  22825  23004  23210  23421  23619  23820
  24238  24645  26281  26519  30528  30746  30989  33034  33275  33451
  33655  33858  34266  34470  35043  35553  35710  36035  36195  36516
  36673  36828  37136  37287  37439  37591  37749  38087  38261  38601
  38764  38931  39097  39258  39421  39594  40157  40373  40760  40940
  41787  41956  42124  42982  44560  48579  48777  48975  49176  49384
  49807  50014  50217  50634  50832  51242  51645  51845  52042  52445
  52641  52839  53839  57093  57250  57406  57567  57729  58409  58755
  58936  59105  59279  60290  61994  62155  62323  62507  62714  62922
  63499  63670  63833  63991  64157  64822  69331  69641  69799  70119
  70435  70925  72857  73340  73499  73656  73813  73974  74140  74307
  74473  79127  79558  80163  80972  81378  81772  81974  82339  82922
  84824  85167  91835  92816  93210  93628  93812  94648  95113  95263
  95411  95560  95709  95856  96001  96147  97285  97559  97697  98109
  98948  99666 102329 102473 104852 105711 105854 107010 107153 107447
 107594 107737 108027 108314 108455 108597 108737 109024 109166 109312
 109612 109766 109917 110069 110219 110366 110959 111107 111402 111550
 111846 112139 112282 112572 112715 112999 113138 113280 113563 113702
 113842 113980 114119 114257 114398 114538 114962 115102 115242 115380
 115519 115795 115933 116070 116342 116478 116614 116748 116883 117242
 117413 117677 117809 117940 118073 118204 118599 119249 119508 119765
 119892 120020 120147 121022 122101 122570 123146 123374 123599 123933
 124264 124697 124912 125126 125548 125966 126378 126584 126789 127301
 127710 127922 128231 128528 128734 129041 129254 129452 129658 129864
 130284 130689 130903 131201 131508 131711 132015 132322 132525 132931
 133135 133345 133647 133937 134136 134335 134533 134731 135128 135327
 135527 135726 135926 136133 136430 136621 136822 137029 137223 137424
 137633 137936 138134 138438 138644 138850 139057 139271 139472 139681
 139891 140206 140524 140732 140944 141154 141367 141578 141792 142009
 142220 142656 142984 143202 143426 143648 143875 144326 144552 144894
 145120 145464 145693 145926 146158 146395 146632 146871 147113 147242
 147475 147717 147841 148083 148325 148567 149167 149403 149637 149878
 150239 150483 150608 150734 150991 151120 151247 151378 151642 151775
 151910 152046 152179 152316 152726 152858 152990 153514 153765 153905
 154035 154292 154421 154548 154678 154810 155213 155483 155622 155770
 155910 156053 156198 156340 156478 156622 159391 159644 159777 159909
 160041 160308 160438 160573 160711 160992 161133 161274 161703 161847
 161988 162127 162269 162414 162865 162999 163139 163279 163420 163564
 163710 163856 164003 164156 164311 164466 164622 164781 164937 165101
 165417 165569 165715 165859 166002 166147 166294 166442 166596 166748
 166890 167039 167188 167336 167903 168041 168178 168318 168460 168603
 168748 168896 169048 169514 169661 169806 170100 170245 170388 170533
 170681 170830 170978 171127 171277 171426 171575 171727 171880 172032
 172492 172637 172781 172924 173070 173214 173360 173510 173663 173815
 174140 174300 174457 175249 175401 175551 176292 176438 176891 177040
 177189 177341 177497 179236 179392 179710 180159 180305 180450 180596
 180741 180888 181192 181947 183035 183502 183670 183832 224242 224412
 224605 225109 225442 263792 272477 288326 288524 288909 289078 289241
 289406 289572 289748 290142 290364 290616 290813 291023 291268 291448
 292679 293075 293272 293862 297304 297855 320288 320457 320621 320805
 321004 321229 321468 321688 321908 322167 322350 322564 322780 322994
 323419 323628 324437 324633 324832 325034 326048 326249 326650 326850
 327251 327452 331059 331476 331672 331869 332068 332265 332663 332862
 333228 333398 333726 333888 334224 334394 334928 335480 336399 336583
 336957 337547 337735 338114 338303 338676 338860 339246 339473 339891
 340090 340494 340691 341096 341295 341699 341901 342307 342511 348454
 348654 348846 349047 349447 349647 350039 350237 350605 350779 350946
 351122 351309 351560 351775 351992 352208 352635 352845 353260 353864
 354062 354246 354421 354592 354768 355195 355424 355840 356046 356241
 356443 356642 357046 357245 358042 358241 374340 374536 375647 375809
 375973 376142 376522 376738 378124 378291 378462 378639 379481 379684
 380096 380905 381502 381889 382062 387823 388030 388237 388441 388852
 389052 389252 392208 393227 393431 393638 393844 394051 394884 395088
 396526 396725 397519 397719 397923 398131 398346 398568 399011 399229
 399861 400072 400283 400491 400703 400915 401126 402166 407107 407306]"										
I66	[    50    265    385 ... 462121 462300 462505]	"[    19    273    703   1127   1338   1551   1980   2191   2402   2611
   2823   3036   3282   3467   3671   3881   4094   4307   4736   4944
   5358   5565   5771   5974   6178   6383   6629   6797   7001   7244
   7422   7623   8044   8254   8497   8685   8895   9330   9543   9753
   9959  10163  10372  10801  11014  11228  11439  11650  12083  12292
  12536  12715  12922  13166  13354  13566  13812  13999  14207  14421
  14631  14839  15042  15449  15654  15892  16067  16270  16682  16889
  17129  17311  17516  17758  17944  18152  18366  18580  19004  19609
  19804  20195  20391  20584  20779  20976  21178  21604  21815  22026
  22453  22694  23502  23708  24117  24320  24718  24917  25305  25494
  25694  25891  26088  26291  26496  28978  29964  30157  30345  30535
  30720  30914  31320  31516  31722  31925  32130  32329  32526  32726
  34931  35517  35715  35908  36102  36296  36891  37093  37297  37503
  37709  37915  38126  38337  38545  38753  39166  39371  39571  39767
  39966  40165  40364  41376  41579  41783  42392  42592  42986  43178
  43370  43564  43760  43955  44158  44365  44579  44800  45049  45243
  45460  45705  45896  46110  46355  46544  46756  47002  47189  47400
  47649  47835  48045  48293  48485  48702  48922  49140  49354  49780
  49993  50203  51010  51263  51633  51847  52065  52280  52498  52747
  52930  53136  53342  53548  53753  53958  54162  54563  54764  55769
  55963  56324  56511  61024  61964  62143  62889  63404  63775  64148
  64746  64940  65138  65925  68535  68727  73288  73459  74441  88844
 102688 133174 137235 147719 148128 150853 159682 160893 162505 162703
 174458 189779 189966 194682 202440 229553 229757 229973 230194 230416
 234747 242087 242479 255113 260811 261412 268649 268886 307078 307267
 307463 307858 308252 308449 346398 347913 357332 360620 366878 391335
 396875 397078 403073 403432 403612 407407 413311 413511 413705 413899
 414280 414469 414654 415019 415186 415343 415498 415653 415807 415963
 416604 416756 416912 417071 417237 417403 417571 417741 417915 419614
 419770 419932 420482 420680 421250 421425 421604 421998 428340 428546
 428743 429152 429728 429916 431362 431542 431713 431890 432097 432336
 432580 432752 432948 433149 433345 433538 433733 433929 434125 434323
 434522 434720 434918 435117 435519 435717 435913 436110 436305 436703
 436900 437095 437288 437486 437896 438100 438309 438519 438941 439146
 439352 439557 439762 440002 440181 440385 440630 440811 441016 441427
 441625 441827 442028 442229 442638 442842 443047 443250 443668 443873
 444282 444486 444724 444903 445103 445348 445539 445749 445971 446191
 446407 446835 447047 447257 447467 447675 447879 448078 448484 448688
 448929 449105 449309 449729 449940 450150 450364 450575 451011 451227
 451470 451661 451869 452116 452308 452524 452787 452958 453172 453422
 453614 453829 454073 454264 454477 454726 454916 455131 455385 455569
 455781 456031 456224 456442 456659 456870 457080 457296 457541 457742
 457960 458209 458408 458628 458881 459079 459300 459547 459742 459957
 460205 460400 460616 460863 461049 461255 461676 461887 462130 462309
 462512]"										
I67	[    21    204    307 ... 461941 462171 462375]	"[    26    714   1183   2816   3139   4025   4754   8380  10851  14540
  15094  15618  15782  17794  18007  18240  22324  22832  24547  24699
  27006  27316  27476  28107  28407  28696  28991  29768  30369  35824
  36639  39570  41719  42735  46153  47143  48305  50570  51674  51873
  52267  52456  52833  53016  53568  54780  56127  56444  57252  57408
  58038  58192  58638  58939  59089  59828  59975  60283  60451  60614
  60964  61404  61570  62326  62882  63215  63391  63713  63872  64022
  64494  64645  64798  65589  65911  66404  67032  67181  67766  68356
  68807  69129  69472  69820  70154  70473  70793  72491  72637  72785
  73936  74224  74365  74506  74786  75214  75358  75501  75645  75934
  76079  76223  76658  76799  76942  77369  77509  77651  77933  78075
  79073  79209  79768  80730  81925  82326  82729  83001  83554  84113
  85367  86613  86748  86886  87162  88390  88798  90050  90320  90731
  91421  91556  91699  91843  92841  92987  93446  93594  94075  94526
  94977  95267  95415  95990  96295  96607  97220  98759  99052  99198
  99344  99494  99648  99799 100109 100705 101015 102380 102535 102700
 103371 104701 104935 106267 112807 113396 113688 113829 114117 114258
 114694 115126 115267 115695 115841 115985 116131 116276 116573 116722
 117161 117309 117453 117600 117898 118355 118798 118944 119092 119241
 119389 120116 121171 121320 121896 122179 122316 122456 122741 122883
 123171 123312 123736 124298 124437 124713 124985 125391 125524 125789
 125919 126050 126310 126437 126564 126940 127065 127312 127555 128037
 128276 128511 128747 129214 129445 129908 130254 130946 131292 131522
 131867 132098 132444 132674 132906 133136 133481 133710 133939 134285
 134517 134862 135322 135554 135784 136015 136361 136708 137052 137397
 137741 137968 138196 138422 138762 139333 139562 139790 140020 140250
 140827 141175 141520 141753 141983 142215 142446 142679 142912 143144
 143498 143854 144091 144456 144703 144827 145078 145203 145328 145453
 145817 145953 146080 146209 146472 146602 146733 146863 147124 147254
 147384 147516 147784 147921 148055 148189 148325 148608 148751 148885
 149162 149300 149435 149572 149712 149987 150257 150390 150526 150808
 151493 151625 151891 152291 152424 152557 152959 153092 153225 153744
 153874 154403 155052 155856 155988 156527 156662 157079 159106 160445
 164221 165022 166077 166254 168097 170184 170333 171431 175401 176463
 178245 178817 180582 182158 183040 183900 186154 186993 190106 190388
 190674 190821 191258 192695 192971 193258 194488 194624 206368 206851
 210094 214118 217177 226667 229331 236793 239530 239853 242139 246030
 246597 246777 247373 247516 247665 253672 254440 255862 257545 260722
 261144 261283 261562 261700 261840 262125 262267 263136 263434 264907
 265202 265349 265492 265635 266517 266667 268858 268999 269141 269292
 269591 269737 269884 270198 270513 270663 270814 271119 271267 271419
 271572 272885 273447 273594 274056 274205 274673 276423 278949 279289
 279466 279652 279854 280486 281868 282854 282996 283139 285410 286963
 287272 292162 292347 292542 292749 293352 293546 293743 293939 294132
 294328 295288 295456 295761 295916 296069 296227 296384 296541 296718
 296972 297182 297411 297590 297791 298020 299575 300025 300341 300652
 301555 301700 301846 302141 302287 302898 303649 303797 307365 308115
 308259 308705 313794 313942 314091 314237 314541 314695 314847 315001
 315154 315306 316830 317130 317286 317763 317927 322288 322443 322590
 322746 323541 323694 327839 328000 328166 328343 328527 328718 329102
 329297 329869 330057 330245 330434 330622 330811 331000 331566 331752
 331939 332671 333334 333481 333628 333776 334104 334302 334488 334674
 334855 335042 335232 335423 335606 336974 337123 337273 337426 337579
 339211 340125 340278 340634 340848 341069 341271 341471 341671 341898
 342071 342656 343230 343419 346566 346709 346861 347019 349987 350138
 351221 351375 351539 351728 351975 352183 352382 352576 352775 352971
 353168 353364 353946 354138 354325 354512 354699 354884 355071 355260
 355449 356572 356893 357056 357393 357594 357830 357995 358184 358569
 358758 358947 359136 359702 359890 360820 360988 361152 363029 363474
 363608 363775 363923 364232 364386 364536 365000 365150 365915 366211
 366358 366507 366814 366966 367265 368760 369046 370080 370374 371284
 376539 376692 376844 376993 377596 378060 380180 385871 390954 391725
 391912 392298 392689 393523 393696 395852 400264 400849 401143 401290
 401592 401741 402037 403260 403717 403870 405389 405534 405832 405979
 406129 406283 406439 406912 407069 407221 407370 407667 407814 408113
 408266 408569 409626 410227 410377 410521 410670 410995 411176 411521
 411684 411840 411996 412151 412617 412770 413075 413374 413673 413822
 413968 414266 414414 414558 414861 415018 415169 415320 415473 415625
 415941 416101 416257 416414 416572 417344 417498 417810 417966 418274
 418432 418747 418909 419214 419362 419513 419669 419839 420027 420222
 421023 421197 421515 421668 421816 422122 422279 422589 422743 423055
 423367 423522 423681 424021 424187 424533 424704 425031 425536 425710
 426850 427015 427179 427345 429105 429290 429471 429653 429838 430413
 430995 431163 431488 431650 431801 431952 432428 432916 433073 433227
 433386 433712 433868 434022 434339 434497 434652 434970 435127 435286
 435447 435626 436019 437911 438059 438371 438914 439106 439495 439700
 440808 441143 441511 441692 441873 442049 442219 442569 442761 443123
 443295 443450 443604 443769 444438 444592 444755 444915 445073 445236
 446269 446765 447278 447453 447967 448305 449104 449299 449495 449692
 450481 451800 456864 460235 460395 460715 460873 461031 461193 461360
 461535]"										
I68	[    62    146    325 ... 462071 462250 462433]	[   693    872   1586 ... 462081 462260 462442]										
I69	[    14     80    234 ... 461962 462170 462381]	[20]										
I70	[    31     80    377 ... 461842 462113 462389]	"[  8960  10016  12042  24204  31905  33057  33345  35565  38438  45599
  45892  71352  79723  82840  84284  84560  84852  85418  85709  86575
  87443  88296  88567  88848  89127  89987  90275  90569  91146  94010
  94863  95716  97170  97457  98021  98305 104455 105574 108966 120993
 121849 122999 123578 123856 124147 150062 150340 178668 204145 204421
 205286 218890 219750 222942 224091 224950 226949 228076 235587 237864
 241000 241852 242132 242979 243265 247297 248432 254941 260388 265520
 269895 277703 278558 281996 285731 286295 286564 286845 287121 287395
 290729 291291 291568 291852 292133 295631 295913 304586 312515 313350
 314475 315318 315605 316156 316442 316994 317269 317819 318098 319718
 320534 320805 321349 324433 325556 326400 327523 328368 329216 329499
 330355 331209 340918 343733 355520 370105 370949 372930 373207 376800
 389402 407398 407678 435057 435564 437222 438120 438623 439521 440005
 441345 443059 451081 452116 453401 454120 454384 454639 454892 455143
 455391 455639 455886 456131 456379 456628 457133 457391 458199 458479
 458758 459038 459323 459609 459891 460177 460461 460745 461027 461310
 461588 462135]"										
I71	[    36    100    402 ... 461969 462260 462549]	[118869 184256 188637 192716 331926]										
I72	[   -12    186    305 ... 462006 462339 462569]	[    19    195    322 ... 456256 456758 457950]										
I73	[   135    365    594 ... 461961 462193 462424]	"[   142    372    602    833   1063   1290   1517   1744   1969   2192
   2415   2637   2860   3081   3301   3521   3741   3963   4185   4627
   4848   5071   5294   5520   5747   5976   6207   6438   6667   6897
   7127   7582   7812   8047  19340  19556  19774  19994  20215  20437
  20664  20895  21129  21366  21607  21847  22091  22335  22576  22815
  23055  23293  23531  23766  23998  24230  24462  24695  24929  25164
  25397  25631  25861  26092  26220  33022  37100  37411  38308  38536
  38762  38986  39209  39433  39660  39890  40123  40357  40593  40831
  41069  41309  41549  41790  42028  42267  42502  42740  42976  43213
  43453  43693  43934  44172  44407  44642  44879  45346  45580  45813
  46750  58038  58268  58496  58722  58949  59178  59406  59635  59869
  60104  60341  60579  60817  61056  61296  61537  61777  62013  62251
  62489  62726  62963  63202  63918  64861  68714  78273  78517  78763
  79009  79505  79753  80003  80252  80500  81220  81452  81683  81915
  82147  82379  82613  82847  83084  83558  83796  97115  97358  97599
  97839  98079  98319  98560  98800  99040  99282  99518  99756  99993
 100231 100468 100709 100950 101192 101433 101673 101915 102651 102900
 116690 116932 117173 117413 117653 117892 118131 118369 118605 119533
 119765 119997 120231 120695 120932 121167 121403 121640 121878 122116
 122595 122837 123556 129561 135127 137080 137319 137560 138045 138287
 138530 138776 139021 139268 139518 139766 140011 140255 140497 140738
 140975 141213 141613 142324 157543 157784 158026 158271 158517 158761
 159003 159244 159483 159720 159955 160192 160427 177573 178739 178865
 180332 196849 198051 198192 199457 212347 216847 235412 247894 258447
 259615 283332 289619 295365 298337 309934 330296 336737 376412 377535
 382435 452275 452697]"										
I74	[   -14    189    358 ... 462119 462327 462536]	"[   368   6451   6862   7275   8655  12281  23883  32931  35773  47650
  64465  73711  74380  83466  85258  89889  93098  93989  94879 102917
 103707 107380 107791 119748 120133 121918 123194 126371 128096 130715
 131105 132806 134470 136261 137128 139655 140042 141794 142178 143913
 144300 145343 146096 146481 150030 151777 152166 153431 153819 154690
 155559 156791 157629 159358 160209 161075 164003 167251 168134 168624
 168993 171108 171503 172370 172764 174552 174955 176744 177149 180368
 180770 181172 181572 182498 183030 183372 185659 186076 187896 189713
 189959 190119 190365 190525 190758 190929 191150 191342 192702 193105
 193512 193916 194320 194557 194723 194949 195130 195534 195733 195935
 196139 196504 196759 196911 197165 197321 197567 197728 197966 198136
 198367 198546 198764 198970 199178 199382 199586 199793 200000 200354
 200636 200846 201056 201196 201473 201679 201882 202032 202295 202444
 202707 202855 203112 203264 203514 203673 203909 204072 204301 204485
 204691 204893 205093 205293 205498 205701 205875 206114 206294 206525
 206718 206939 207142 207344 207544 208130 208347 208751 209159 209368
 209539 209782 209956 210188 210377 210594 210795 210999 211200 211613
 211789 212031 212208 212443 212641 212850 213054 213259 213472 213692
 213904 214062 214335 214482 214754 214902 215156 215316 215550 215734
 215941 216135 216335 216737 217134 217353 217561 217763 218171 218371
 218556 218774 218973 219374 219781 219968 220190 220391 220591 220795
 220994 221197 221398 221600 221802 222004 222206 222368 222609 222794
 223013 223213 223414 223614 223814 224015 224216 224418 224620 224822
 225026 225205 225436 225639 225843 226046 226250 226457 226620 226869
 227041 227269 227466 227663 227862 228059 228258 228423 228653 229066
 229268 229471 229671 230068 230248 230462 230655 230850 231041 231237
 231434 231634 231836 232040 232252 232636 234605 239538 243315 249656
 251142 254110 258088 259052 260000 260946 261887 262832 263787 266275
 268282 269735 270678 272632 274004 274949 276825 280202 281034 281608
 284445 285894 287289 288693 289652 291037 291457 293861 295287 297690
 298115 298546 299967 300394 301830 302252 302670 303089 305472 306427
 306845 309177 309596 316925 318317 318743 319692 320113 321520 322957
 323927 324349 329150 330601 333012 333433 333854 334272 334693 337112
 337533 337954 338372 338789 339206 339629 342059 343493 344917 346335
 346763 351146 353553 353970 354388 354810 355764 356184 356603 358026
 359439 359866 361808 362774 363200 365178 369099 370097 370523 371966
 374419 374846 375274 377720 383708 384139 390144 392106 392533 393975
 395457 395885 396312 397707 399098 400331 400498 400925 401889 406372
 406804 407242 408231 408669 409657 410089 410528 412605 414092 415101
 415538 418042 425648 427088 427516 427943 428376 429364 429790 430215
 430640 431067 431507 431720 432502 432931 433363 435381 435830 439507
 441550 442569 443584 445073 445521 446525 446960 447986 448607 448981
 451019 452027 452459 452891 453329 454958 455954]"										
I75	[    26    170    453 ... 461960 462192 462405]	[   186   2071   3301 ... 461969 462200 462414]										
