record_id	ref_annotation	test_annotation	matched_ref_inds	matched_test_inds	unmatched_ref_inds	unmatched_test_inds	true_positive	false_positive	false_negative	specificity	positive_predictivity	FPR
I01	[   114    277    442 ... 462068 462243 462416]	[   125    288    453 ... 462252 462426 462598]	[   0    1    2 ... 2754 2755 2756]	[   0    1    2 ... 2410 2411 2412]	"[   4   16   32   52   67  100  108  113  118  139  144  146  150  154
  156  162  167  172  177  179  183  194  200  204  220  223  227  230
  234  237  241  244  247  251  254  258  262  266  270  274  278  282
  285  288  291  294  297  301  304  307  310  314  317  320  323  327
  330  333  337  340  348  351  354  382  385  388  396  400  403  407
  415  424  428  434  443  452  465  478  483  488  499  508  514  520
  526  540  546  552  558  568  574  580  598  604  660  678  965  976
  991 1035 1037 1043 1049 1067 1076 1082 1091 1100 1108 1110 1114 1118
 1123 1125 1129 1133 1138 1140 1144 1148 1152 1157 1162 1170 1174 1178
 1182 1186 1192 1198 1204 1208 1212 1222 1228 1234 1238 1242 1253 1259
 1269 1273 1280 1284 1288 1296 1308 1312 1317 1322 1325 1328 1331 1337
 1342 1347 1351 1355 1371 1381 1387 1393 1399 1403 1407 1411 1416 1421
 1426 1430 1435 1440 1443 1446 1449 1463 1467 1471 1476 1480 1484 1488
 1492 1496 1500 1504 1508 1519 1523 1531 1560 1565 1568 1571 1580 1583
 1592 1601 1632 1635 1641 1647 1653 1686 1692 1704 1707 1715 1718 1721
 1727 1736 1739 1742 1745 1766 1769 1772 1775 1780 1792 1810 1832 1850
 1856 1860 1864 1874 1878 1888 1898 1902 1917 1931 1935 1946 1956 1964
 1969 1973 1977 1982 1987 1992 1997 2000 2016 2019 2027 2033 2042 2048
 2087 2090 2096 2102 2176 2248 2274 2292 2299 2305 2309 2311 2317 2321
 2323 2327 2331 2335 2339 2343 2347 2351 2355 2360 2371 2381 2391 2397
 2401 2407 2417 2427 2437 2441 2450 2465 2473 2477 2481 2486 2491 2496
 2502 2505 2512 2522 2525 2528 2534 2543 2546 2557 2560 2569 2572 2578
 2583 2588 2597 2600 2603 2612 2615 2618 2624 2629 2632 2638 2641 2650
 2653 2659 2662 2665 2671 2674 2679 2682 2685 2691 2696 2710 2714 2718
 2722 2726 2730 2736 2739 2744 2749 2753]"	[2413]	2413.0	1.0	344.0	0.8752266956837141	0.9995857497928748	0.00041425020712510354
I02	[    11    192    375 ... 462040 462255 462468]	[    23    203    386 ... 462050 462264 462478]	[   0    1    2 ... 2671 2672 2673]	[   0    1    2 ... 2441 2442 2443]	"[   3    9   16   23   36   41   47   54   61   69   76   81  100  106
  111  123  131  144  156  162  169  191  216  246  260  291  297  324
  330  336  342  348  357  369  384  402  427  436  445  464  470  476
  521  533  548  560  636  731  740  760  784  816  847  890  914  941
  942  973 1004 1066 1071 1081 1087 1092 1097 1103 1110 1114 1121 1128
 1132 1141 1145 1151 1157 1166 1170 1175 1180 1185 1190 1195 1199 1204
 1205 1210 1216 1222 1228 1234 1240 1246 1252 1257 1263 1269 1275 1281
 1286 1291 1297 1302 1308 1313 1319 1324 1330 1336 1342 1347 1353 1358
 1364 1370 1376 1382 1387 1391 1397 1403 1407 1414 1419 1425 1431 1441
 1447 1452 1480 1491 1514 1518 1524 1537 1547 1555 1559 1565 1572 1579
 1586 1593 1611 1618 1622 1627 1633 1641 1647 1653 1659 1667 1673 1679
 1685 1691 1697 1703 1709 1715 1720 1726 1732 1737 1743 1748 1753 1759
 1765 1770 1776 1781 1786 1792 1797 1803 1808 1813 1819 1824 1830 1835
 1841 1846 1852 1857 1863 1868 1873 1879 1884 1889 1894 1900 1905 1911
 1916 1922 1927 1932 1938 1943 1950 1955 1960 1965 1971 1989 1999 2004
 2010 2023 2029 2034 2044 2055 2066 2123 2124 2201 2209 2253 2281 2285
 2290 2364 2483 2523 2557 2590]"	[]	2444.0	0.0	230.0	0.9139865370231862	1.0	0.0
I03	[     0    172    344 ... 462090 462272 462447]	[    19    179    351 ... 462098 462277 462454]	[   0    1    2 ... 2449 2450 2451]	[   0    1    2 ... 2365 2366 2367]	"[ 143  145  147  149  151  153  155  157  159  161  177  324  341  349
  357  360  372  398  546  566  591  597  626  633  635  637  639  641
  643  645  647  649  651  653  655  657  660  662  665  667  669  671
  673  675  785  848  860  871  886  890  899  913  947  959 1017 1150
 1153 1166 1172 1202 1224 1228 1239 1246 1251 1254 1257 1287 1294 1353
 1479 1536 1651 1658 1661 1685 1693 1704 1707 1805 1829 2186 2195 2198
 2393 2424]"	[1409 1466]	2366.0	2.0	86.0	0.9649265905383361	0.9991554054054054	0.0008445945945945946
I04	[   -11    187    393 ... 462118 462300 462481]	[    19    194    399 ... 462125 462307 462488]	[   1    2    3 ... 2421 2422 2423]	[   1    2    3 ... 2347 2348 2349]	"[   0   57  168  195  367  452  492  728  729  752  753 1303 1309 1378
 1380 1395 1425 1429 1457 1461 1473 1475 1487 1491 1493 1539 1548 1550
 1556 1558 1563 1576 1579 1581 1583 1585 1587 1589 1595 1599 1642 1644
 1675 1691 1695 1705 1715 1719 1725 1729 1733 1737 1741 1745 1749 1753
 1757 1761 1765 1767 1769 1775 1781 1797 2084 2086 2107 2178 2186 2200
 2211 2231 2237 2337 2350]"	[0]	2349.0	1.0	75.0	0.969059405940594	0.9995744680851064	0.000425531914893617
I05	[    88    346    612 ... 461823 462100 462374]	[    95    353    619 ... 461829 462107 462381]	[   0    1    2 ... 1773 1774 1775]	[   0    1    2 ... 1609 1610 1611]	"[  35  104  148  149  173  198  228  253  295  316  326  327  328  329
  354  355  357  361  362  363  381  384  391  434  439  441  448  449
  518  532  565  593  630  657  665  681  683  685  695  707  709  792
  807  839  850  891  897  917  918  922  931  945  981  984  986  987
  992  993  994  995  996  998  999 1002 1003 1004 1007 1008 1009 1012
 1013 1016 1017 1018 1019 1020 1021 1023 1024 1025 1026 1027 1030 1031
 1032 1033 1039 1041 1044 1045 1046 1047 1048 1049 1050 1051 1052 1053
 1054 1055 1057 1058 1059 1060 1061 1062 1063 1064 1067 1070 1072 1073
 1077 1078 1079 1082 1083 1088 1091 1092 1093 1094 1095 1098 1099 1100
 1101 1102 1104 1105 1106 1107 1108 1109 1110 1111 1112 1132 1209 1215
 1240 1247 1259 1281 1314 1328 1329 1342 1376 1379 1380 1389 1465 1474
 1482 1491 1493 1533 1554 1555 1627 1655 1684 1726]"	[]	1612.0	0.0	164.0	0.9076576576576577	1.0	0.0
I16	[   150    487    828 ... 461720 462029 462350]	[   158    495    836 ... 461728 462037 462358]	[   0    1    2 ... 1519 1520 1521]	[   0    1    2 ... 1384 1385 1386]	"[ 257  258  260  261  263  264  265  266  267  268  269  270  271  272
  273  274  275  276  277  291  292  293  294  295  296  297  298  299
  300  301  302  303  304  305  306  307  308  309  310  311  317  318
  320  328  333  334  336  337  338  339  340  341  342  343  344  345
  346  347  348  349  351  352  354  355  356  357  358  359  360  361
  363  364  366  369  371  372  374  375  376  377  378  379  381  382
  383  384  385  386  389  390  391  392  393  394  395  396  397  398
  399  400  401  402  403  404  405  406  407  409  410  411  413  418
  419  498  499  519  551  560  594  595  608  643  735  783  784  818
  820  826  827  845 1214 1215 1239 1351 1352]"	[]	1387.0	0.0	135.0	0.9113009198423128	1.0	0.0
I23	[   161    403    653 ... 462039 462279 462510]	[   415   1146   1380 ... 462051 462290 462522]	[   1    4    5 ... 2202 2203 2204]	[   0    1    2 ... 1988 1989 1990]	"[   0    2    3    6    7   10   12   13   15   16   19   20   21   22
   23   24   25   26   27   29   30   32   33   34   35   36   38   39
   45   46   49   51   52   53   54   55   56   60   61   62   64   65
   66   67   68   69   70   71   72   73   74   75   76   77   78   79
   80   81   82   83   84   85   86   87   88   89   90   91   92   93
   94   95   96   97   98   99  100  101  102  103  104  105  106  107
  108  109  110  111  112  113  114  115  116  117  118  119  120  121
  122  123  124  125  126  127  128  129  130  131  132  133  134  135
  136  137  138  139  140  141  142  143  144  145  146  147  148  149
  150  151  152  153  154  155  156  157  158  159  160  161  162  163
  164  165  166  167  168  170  171  172  173  174  175  176  177  178
  179  180  181  182  183  184  185  186  187  188  189  190  191  192
  193  194  195  196  197  198  199  200  201  202  203  204  205  206
  207  208  209  211  212  213  227  245  247  255  257  291  467  468
  512  559  684  686  713  735  902  910  916  991 1034 1348 1819 1969
 2001 2059 2118 2119]"	[]	1991.0	0.0	214.0	0.9029478458049887	1.0	0.0
I24	[     6    161    312 ... 462115 462314 462513]	[    19    172    325 ... 462127 462325 462524]	[   0    1    2 ... 2568 2569 2570]	[   0    1    2 ... 2314 2315 2316]	"[  59   60   69   75   97   98  420  423  424  425  466  588  589  650
  655  755 1009 1010 1011 1012 1013 1023 1027 1028 1032 1036 1040 1058
 1063 1067 1068 1072 1076 1080 1084 1088 1089 1093 1097 1101 1105 1106
 1109 1113 1114 1117 1118 1119 1120 1121 1122 1123 1125 1126 1127 1128
 1129 1130 1131 1132 1133 1134 1135 1136 1137 1140 1141 1142 1144 1145
 1146 1148 1149 1150 1153 1154 1157 1158 1159 1160 1161 1162 1163 1164
 1165 1166 1167 1169 1170 1171 1172 1173 1174 1175 1176 1178 1179 1180
 1182 1183 1184 1186 1187 1194 1195 1196 1197 1198 1199 1200 1201 1202
 1203 1204 1205 1206 1207 1208 1209 1210 1211 1212 1213 1214 1216 1217
 1218 1221 1222 1225 1226 1227 1228 1231 1232 1235 1236 1237 1240 1241
 1244 1245 1248 1249 1252 1253 1254 1256 1257 1258 1259 1260 1261 1262
 1264 1265 1266 1267 1273 1274 1276 1277 1278 1279 1280 1281 1282 1283
 1284 1285 1286 1287 1288 1289 1290 1291 1292 1293 1294 1295 1296 1297
 1298 1299 1300 1302 1303 1304 1307 1308 1309 1310 1311 1312 1313 1314
 1316 1317 1318 1321 1322 1323 1324 1325 1326 1327 1328 1329 1330 1331
 1332 1333 1334 1338 1341 1342 1343 1345 1346 1347 1348 1350 1351 1352
 1355 1356 1357 1358 1359 1360 1361 1420 1445 1517 1518 1519 1520 1522
 1523 1524 1855 1873 2129 2305 2308 2309 2310 2311 2316 2362 2522 2543
 2555 2556]"	[]	2317.0	0.0	254.0	0.9012057565149747	1.0	0.0
I28	[   105    418    719 ... 461845 462115 462389]	[   111    424    725 ... 461851 462121 462395]	[   0    1    2 ... 1714 1715 1716]	[   0    1    2 ... 1712 1713 1714]	[1428 1453]	[]	1715.0	0.0	2.0	0.9988351776354106	1.0	0.0
I37	[   145    333    514 ... 462098 462282 462463]	[    19    152    340 ... 462106 462289 462471]	[   0    1    2 ... 2458 2459 2460]	[   1    2    3 ... 2357 2358 2359]	"[  11  103  180  204  211  308  317  347  378  486  507  509  511  518
  523  560  592  599  604  655  666  675  696  731  741  822  835  866
  868  920  968  996 1003 1019 1036 1142 1144 1159 1179 1204 1238 1273
 1300 1302 1326 1338 1340 1386 1399 1406 1430 1439 1443 1447 1544 1557
 1589 1615 1636 1647 1649 1660 1671 1713 1722 1731 1759 1768 1777 1798
 1811 1858 1868 1870 1877 1881 1907 1917 1922 1927 1932 1937 1942 1947
 1956 1988 2014 2019 2080 2085 2164 2169 2191 2224 2296 2301 2323 2325
 2334 2339 2348 2391]"	[0]	2359.0	1.0	102.0	0.958553433563592	0.9995762711864407	0.000423728813559322
I40	[   157    348    541 ... 462128 462299 462472]	[    19    166    355 ... 462138 462308 462481]	[   0    1    2 ... 2663 2664 2665]	[   1    2    3 ... 2575 2576 2577]	"[1287 1436 1438 1440 1442 1444 1446 1448 1450 1452 1454 1456 1458 1605
 1607 1609 1611 1613 1615 1617 1619 1621 1623 1625 1627 1629 1631 1633
 1635 1637 1639 1641 1643 1645 1647 1649 1651 1653 1655 1657 1661 1663
 1665 1667 1669 1671 1675 1677 1679 1681 1683 1685 1687 1691 1693 1695
 1697 1699 1701 1703 1705 1707 1709 1711 1713 1715 1717 1719 1721 1723
 1725 1727 1729 1731 1733 1735 1737 1739 1741 1743 1745 1749 1751 1753
 1757 1759 1761 2029 2181]"	[0]	2577.0	1.0	89.0	0.9666166541635409	0.9996121024049651	0.0003878975950349108
I41	[   209    485    777 ... 461904 462175 462446]	[   218    492    783 ... 461913 462184 462455]	[   0    1    2 ... 1627 1628 1629]	[   0    1    2 ... 1627 1628 1629]	[]	[]	1630.0	0.0	0.0	1.0	1.0	0.0
I44	[   -10    228    411 ... 462063 462244 462429]	[    20    236    419 ... 462252 462437 462598]	[   1    2    3 ... 2492 2493 2494]	[   1    2    3 ... 2458 2459 2460]	"[   0  114  491  494  533  535  543  567  630  677  737  751  844  874
  884  890  896  922  931  943  949  955 1001 1025 1028 1031 1034 1083
 1090 1097 1192 1278 1281 1429 2233]"	[   0 2461]	2460.0	2.0	35.0	0.9859719438877755	0.9991876523151909	0.0008123476848090983
I45	[    65    305    437 ... 462027 462156 462512]	[    73    313    449 ... 462037 462169 462521]	[   0    1    2 ... 1925 1926 1927]	[   0    1    2 ... 1924 1925 1926]	[222]	[]	1927.0	0.0	1.0	0.9994813278008299	1.0	0.0
I46	[   262    478    701 ... 462214 462363 462515]	[    19    267    487 ... 462224 462372 462525]	[   0    1    2 ... 2655 2656 2657]	[   1    2    3 ... 2605 2606 2607]	"[ 946  959 1008 1080 1285 1340 1348 1403 1609 1646 1662 1688 1737 1786
 1801 1874 1886 1893 1900 1912 1961 1966 2010 2020 2032 2047 2067 2074
 2081 2108 2117 2122 2149 2164 2173 2212 2220 2225 2365 2415 2416 2473
 2488 2530 2539 2556 2564 2569 2583 2588 2639 2654]"	[   0 2377]	2606.0	2.0	52.0	0.9804364183596689	0.9992331288343558	0.0007668711656441718
I49	[    55    120    343 ... 461954 462157 462374]	[   126    348    571 ... 462166 462382 462598]	[   1    2    3 ... 2145 2146 2147]	[   0    1    2 ... 2129 2130 2131]	"[   0  440  622  798  835  999 1168 1251 1433 1557 1737 1766 1893 1908
 2001 2039]"	[2132]	2132.0	1.0	16.0	0.9925512104283054	0.9995311767463666	0.00046882325363338024
I50	[    58    145    358 ... 462186 462348 462516]	[   153    366    594 ... 462196 462362 462530]	[   1    2    3 ... 2996 2997 2998]	[   0    1    2 ... 2989 2990 2991]	[   0  757  759 1302 1344 2444 2777]	[]	2992.0	0.0	7.0	0.9976658886295432	1.0	0.0
I52	[   190    508    816 ... 461908 462199 462485]	[   199    516    825 ... 461917 462207 462495]	[   0    1    2 ... 1744 1745 1746]	[   0    1    2 ... 1607 1608 1609]	"[170 172 174 176 178 180 182 184 186 188 190 192 194 196 198 200 202 204
 206 208 210 212 214 216 218 220 222 224 226 228 230 232 234 236 238 240
 242 244 246 248 250 252 254 256 258 260 262 264 266 268 270 272 274 276
 278 280 282 284 286 288 290 292 294 296 298 300 302 304 306 308 310 312
 314 316 318 320 322 324 326 328 330 332 334 336 338 340 342 344 520 522
 524 526 528 530 532 534 536 538 540 542 544 546 548 550 552 554 556 558
 560 562 564 566 568 570 572 574 576 578 580 582 584 586 588 590 592 594
 596 598 600 602 604 606 608 610 612 614 616]"	[]	1610.0	0.0	137.0	0.9215798511734402	1.0	0.0
I59	[   103    393    696 ... 461926 462155 462389]	[   119    409    711 ... 461941 462170 462396]	[   0    1    2 ... 2145 2146 2147]	[   0    1    2 ... 1944 1945 1946]	"[  12   19   47   73   76   79   92   95  146  161  190  205  221  224
  282  286  301  317  329  339  342  378  388  400  406  413  423  440
  441  444  447  450  453  456  459  462  463  466  469  476  479  482
  485  492  495  507  509  510  512  513  516  522  528  531  534  537
  540  546  549  552  556  559  566  569  572  575  578  581  584  586
  587  588  589  590  593  596  599  602  605  629  633  636  639  642
  645  652  655  658  668  739  743  747  770 1098 1120 1126 1132 1141
 1153 1154 1160 1164 1167 1177 1179 1183 1185 1187 1189 1190 1191 1193
 1195 1196 1197 1199 1201 1203 1207 1208 1210 1212 1214 1216 1218 1220
 1221 1222 1224 1226 1228 1230 1232 1233 1236 1237 1238 1239 1240 1241
 1243 1246 1261 1267 1270 1271 1272 1274 1276 1277 1278 1280 1282 1284
 1288 1289 1292 1294 1296 1298 1300 1302 1304 1306 1308 1310 1312 1314
 1316 1318 1322 1324 1325 1326 1328 1329 1330 1332 1333 1334 1336 1338
 1340 1342 1344 1346 1348 1350 1352 1354 1356 1358 1360 1362 1364 1366
 1380 1381 1398 1400 1402]"	[]	1947.0	0.0	201.0	0.9064245810055865	1.0	0.0
I60	[    24    247    466 ... 462104 462267 462431]	[    20    263    481 ... 462110 462274 462447]	[   0    1    2 ... 2472 2473 2474]	[   0    1    2 ... 2469 2470 2471]	[ 829 2358 2360]	[]	2472.0	0.0	3.0	0.9987878787878788	1.0	0.0
I06	[   165    350    541 ... 462133 462322 462505]	[    19    170    356 ... 462139 462329 462511]	[   0    1    2 ... 2490 2491 2492]	[   1    2    3 ... 2476 2477 2478]	"[ 575  937 1104 1357 1551 1868 1919 1945 2127 2173 2177 2221 2345 2364
 2424]"	[0]	2478.0	1.0	15.0	0.9939831528279182	0.99959661153691	0.0004033884630899556
I07	[    15    211    399 ... 462156 462326 462507]	[    20    217    404 ... 462161 462331 462512]	[   0    1    2 ... 2703 2704 2705]	[   0    1    2 ... 2665 2666 2667]	"[ 340  482  672  796  842  914  925  957 1021 1075 1083 1096 1193 1236
 1296 1315 1336 1345 1369 1421 1566 1672 1676 1686 2199 2219 2260 2300
 2325 2354 2365 2367 2369 2430 2471 2535 2537 2619]"	[]	2668.0	0.0	38.0	0.9859571322985957	1.0	0.0
I09	[    61    253    435 ... 462162 462300 462437]	[    19    261    444 ... 462171 462310 462447]	[   1    2    3 ... 2994 2995 2996]	[   1    2    3 ... 2856 2857 2858]	"[   0  245  256  479  661  687  701  703  714  716  721  725  727  729
  731  733  735  737  739  741  743  745  747  749  751  753  755  757
  759  761  763  765  767  769  771  773  775  777  779  781  783  785
  787  789  791  793  795  797  801  803  805  807  809  811  813  815
  817  819  821  823  825  827  829  831  833  835  837  839  841  843
  845  847  849  851  853  855  857  859  861  863  865  867  869  871
  873  875  877  879  881  883  885  887  889  891  893  895  902  905
 1082 1101 1111 1119 1147 1154 1974 1986 1995 2005 2006 2008 2011 2013
 2016 2018 2020 2022 2024 2028 2077 2163 2183 2185 2242 2321 2348 2412
 2452 2524 2583 2638 2662 2698 2705 2806 2813 2820 2821 2860 2889 2902
 2940]"	[   0 1871 1900]	2856.0	3.0	141.0	0.9529529529529529	0.9989506820566632	0.001049317943336831
I11	[    55    248    472 ... 461925 462119 462309]	[    19    257    481 ... 462128 462318 462598]	[   1    2    3 ... 2103 2104 2105]	[   1    2    3 ... 2103 2104 2105]	[0]	[   0 2106]	2105.0	2.0	1.0	0.9995251661918328	0.9990507831039392	0.0009492168960607499
I12	[    72    253    433 ... 462114 462289 462472]	[    19    262    441 ... 462122 462298 462481]	[   1    2    3 ... 2806 2807 2808]	[   1    2    3 ... 2651 2652 2653]	"[   0 1277 1278 1279 1412 1419 1423 1424 1425 1426 1435 1436 1438 1439
 1452 1463 1464 1466 1467 1470 1474 1477 1479 1486 1487 1489 1491 1494
 1499 1503 1505 1507 1509 1511 1513 1515 1516 1517 1519 1521 1523 1525
 1527 1529 1531 1533 1535 1536 1538 1540 1542 1545 1548 1550 1552 1554
 1556 1558 1560 1562 1564 1567 1569 1571 1573 1575 1577 1579 1581 1584
 1587 1589 1592 1594 1596 1597 1598 1599 1601 1603 1605 1607 1609 1611
 1613 1615 1617 1619 1621 1623 1625 1627 1629 1631 1633 1635 1637 1639
 1641 1643 1645 1647 1649 1650 1652 1653 1655 1657 1659 1661 1663 1665
 1667 1669 1671 1673 1675 1677 1679 1681 1683 1684 1686 1688 1690 1692
 1694 1696 1698 1700 1702 1704 1706 1708 1710 1712 1714 1716 1718 1720
 1722 1724 1726 1728 1730 1732 1734 1736 1738 1740 1742 1744 1746 1748
 1750 1814 1815 1816 1824 1825 1931 1939 1951 1952 1982 1983 2035 2116
 2117 2118 2157 2165 2217 2218 2227 2229 2248 2249 2255 2332 2333 2458
 2606]"	"[   0 1277 1278 1420 1421 1430 1432 1455 1457 1472 1490 1500 1534 1535
 1561 1563 1579 1676 1684 1808 1838 1970 1971 2068 2096 2178 2303 2451]"	2626.0	28.0	183.0	0.9348522605909576	0.9894498869630746	0.010550113036925395
I13	[   218    347    511 ... 461972 462208 462446]	[   227    363    520 ... 461981 462217 462455]	[   0    1    2 ... 2020 2021 2022]	[   0    1    2 ... 2020 2021 2022]	[]	[]	2023.0	0.0	0.0	1.0	1.0	0.0
I14	[    64    330    623 ... 461932 462201 462480]	[    19    339    632 ... 461941 462211 462488]	[   1    2    3 ... 1863 1864 1865]	[   1    2    3 ... 1862 1863 1864]	[   0 1288 1315 1678 1679]	[   0 1288 1677 1678]	1861.0	4.0	5.0	0.9973204715969989	0.9978552278820375	0.0021447721179624667
I15	[    49    231    408 ... 462112 462319 462514]	[    63    245    422 ... 462126 462332 462528]	[   0    1    2 ... 2632 2633 2634]	[   0    1    2 ... 2629 2630 2631]	[1403 1887 1975]	[]	2632.0	0.0	3.0	0.9988614800759014	1.0	0.0
I17	[   -17    262    547 ... 461796 462068 462342]	[   271    555    835 ... 461804 462077 462350]	[   1    2    3 ... 1670 1671 1672]	[   0    1    2 ... 1665 1666 1667]	[   0  496  571  838 1171]	[]	1668.0	0.0	5.0	0.9970113568439928	1.0	0.0
I18	[   163    345    479 ... 462169 462342 462524]	[    20    171    353 ... 462178 462350 462533]	[   0    1    2 ... 3081 3082 3083]	[   1    2    3 ... 2626 2627 2628]	"[   3    4   23   27   36  136  190  217  218  230  259  260  274  279
  288  297  324  385  398  469  492  515  526  531  540  569  570  590
  620  621  628  634  638  643  648  656  659  660  664  673  678  683
  692  697  699  700  702  707  711  720  725  745  759  764  777  780
  795  796  817  823  841  850  856  869  893  927  937  958  989  998
 1007 1011 1031 1045 1062 1063 1084 1086 1087 1133 1151 1155 1182 1218
 1219 1221 1223 1225 1227 1229 1258 1259 1260 1264 1279 1297 1302 1310
 1311 1349 1352 1354 1356 1358 1360 1362 1364 1367 1369 1371 1374 1382
 1384 1386 1388 1390 1392 1394 1396 1398 1400 1402 1410 1429 1434 1440
 1442 1464 1467 1469 1471 1473 1475 1477 1479 1481 1483 1485 1487 1489
 1512 1514 1516 1518 1520 1522 1524 1526 1528 1539 1579 1584 1586 1590
 1594 1598 1604 1607 1609 1611 1613 1615 1617 1619 1621 1623 1625 1627
 1629 1631 1633 1635 1637 1639 1641 1643 1646 1688 1690 1691 1693 1695
 1697 1728 1731 1747 1751 1753 1755 1757 1759 1761 1763 1765 1767 1769
 1771 1773 1775 1777 1779 1781 1783 1785 1787 1789 1791 1793 1795 1797
 1799 1801 1803 1805 1807 1809 1811 1813 1815 1817 1819 1821 1823 1825
 1827 1829 1831 1833 1835 1837 1839 1841 1843 1845 1847 1849 1851 1853
 1855 1857 1859 1862 1876 1880 1882 1884 1886 1894 1896 1898 1900 1902
 1904 1906 1908 1910 1912 1914 1916 1918 1920 1922 1924 1926 1928 1930
 1932 1934 1936 1938 1940 1942 1944 1946 1948 1950 1952 1954 1956 1958
 1960 1962 1964 1966 1968 1970 1972 1974 1976 1978 1980 1982 1984 1986
 1988 1990 1992 1994 1996 1998 2000 2002 2004 2006 2008 2010 2012 2014
 2016 2018 2020 2022 2025 2027 2029 2031 2033 2035 2037 2040 2042 2044
 2046 2051 2053 2069 2074 2109 2125 2129 2152 2170 2182 2189 2281 2294
 2304 2326 2341 2348 2353 2355 2363 2364 2366 2367 2368 2369 2374 2377
 2379 2381 2383 2385 2390 2394 2396 2398 2400 2412 2435 2436 2439 2443
 2444 2462 2470 2473 2477 2481 2485 2487 2491 2494 2498 2502 2520 2538
 2546 2551 2556 2560 2567 2571 2587 2590 2594 2597 2604 2607 2615 2619
 2622 2626 2636 2640 2643 2646 2649 2656 2659 2662 2666 2674 2686 2698
 2706 2709 2713 2717 2720 2730 2733 2737 2741 2744 2748 2752 2755 2761
 2765 2769 2773 2777 2785 2793 2796 2801 2805 2808 2811 2814 2818 2821
 2829 2832 2836 2840 2844 2847 2850 2853 2856 2859 2863 2865 2868 2872
 2876 2883 2887 2890 2893 2897 2901 2905 2909 2913 2917 2921 2925 2929
 2933 2941 2944 2948 2952 2955 2959 2963 2967 2971 2973 2976 2979 2982
 2986 2993 2996 2999 3002 3006 3013 3016 3019 3022 3025 3029 3032 3036
 3039 3043 3046 3050 3054 3063 3067 3075 3079]"	"[   0    4    5   27  214  254  386  501  524  553  602  632  635  668
  677  709  755  776  812  825  891  950  959  963 1012 1034 1126 1195
 1196 1200 1243 1319 1544 1833 1873 1994 2004 2026 2041 2060 2062 2063
 2122 2621]"	2585.0	44.0	499.0	0.8381971465629053	0.9832635983263598	0.016736401673640166
I19	[   143    275    627 ... 462120 462345 462463]	[    19    151    289 ... 462127 462352 462477]	[   0    1    2 ... 2060 2061 2062]	[   1    2    3 ... 2000 2001 2002]	"[  34   43   46   49   51   62   65   68   71   81   99  139  143  147
  166  171  181  185  192  995  998 1001 1004 1007 1009 1209 1215 1218
 1221 1224 1227 1233 1239 1245 1251 1257 1263 1310 1314 1360 1385 1389
 1392 1424 1430 1448 1454 1475 1479 1493 1499 1505 1511 1529 1536 1674
 1677 1682 1830 1838 1939]"	[0]	2002.0	1.0	61.0	0.9704314105671352	0.9995007488766849	0.0004992511233150275
I20	[    38    427    663 ... 462258 462405 462550]	[    19    434    669 ... 462266 462411 462562]	[   0    1    2 ... 2649 2650 2651]	[   0    1    2 ... 2504 2505 2506]	"[ 176  704  808  876  882  937  939  998 1054 1079 1084 1120 1157 1196
 1199 1202 1242 1273 1278 1285 1289 1293 1304 1307 1322 1325 1332 1363
 1383 1394 1430 1444 1464 1511 1515 1519 1520 1526 1572 1577 1584 1599
 1605 1612 1625 1634 1641 1645 1654 1658 1666 1673 1676 1698 1706 1715
 1718 1735 1741 1744 1758 1769 1773 1777 1781 1788 1791 1796 1799 1804
 1817 1821 1838 1850 1902 1910 1914 1918 1927 1933 1940 1944 1954 1955
 1976 1985 2000 2010 2013 2020 2029 2037 2042 2045 2062 2085 2105 2109
 2113 2128 2131 2134 2137 2140 2143 2146 2180 2191 2209 2212 2221 2230
 2238 2261 2267 2282 2295 2305 2309 2317 2324 2333 2336 2339 2342 2345
 2348 2351 2369 2372 2375 2378 2381 2384 2416 2464 2474 2485 2495 2538
 2548 2553 2563 2592 2615 2620 2629 2632 2639 2646]"	[1256 1479 1486 1875 2216]	2502.0	5.0	150.0	0.9434389140271493	0.9980055843637814	0.001994415636218588
I21	[   146    357    572 ... 462089 462290 462492]	[    19    153    364 ... 462099 462296 462500]	[   0    1    2 ... 2181 2182 2183]	[   1    2    3 ... 2181 2182 2183]	[ 615 1072]	[  0 616]	2182.0	2.0	2.0	0.9990842490842491	0.9990842490842491	0.0009157509157509158
I22	[   186    338    494 ... 462217 462341 462466]	[   193    345    500 ... 462224 462348 462472]	[   0    1    2 ... 3123 3124 3125]	[   0    1    2 ... 2754 2755 2756]	"[   7   25  116  129  139  175  210  225  282  362  456  472  494  500
  507  516  625  643  656  712  719  731  764  770  785  789  862  875
  877  879  881  883  886  902  909  938  939  940  954  976 1049 1053
 1059 1063 1066 1072 1076 1078 1080 1082 1084 1086 1090 1095 1098 1101
 1104 1106 1109 1112 1116 1118 1144 1148 1151 1154 1156 1158 1160 1163
 1165 1170 1177 1180 1182 1191 1193 1196 1198 1200 1202 1206 1208 1210
 1212 1214 1216 1219 1222 1226 1229 1241 1259 1272 1277 1281 1285 1288
 1291 1295 1311 1318 1327 1329 1332 1334 1335 1337 1339 1341 1343 1345
 1347 1350 1352 1362 1366 1370 1373 1375 1381 1384 1387 1395 1401 1404
 1407 1409 1411 1413 1415 1417 1419 1421 1423 1425 1427 1429 1431 1433
 1435 1437 1439 1450 1454 1459 1461 1464 1466 1472 1478 1494 1504 1507
 1511 1513 1519 1525 1528 1534 1538 1542 1551 1560 1569 1575 1594 1599
 1606 1609 1613 1636 1647 1655 1661 1666 1676 1679 1682 1685 1688 1699
 1708 1711 1714 1717 1720 1731 1735 1772 1796 1800 1812 1822 1829 1866
 1872 1877 1910 1918 1926 2004 2043 2063 2079 2104 2107 2110 2113 2147
 2154 2159 2163 2165 2171 2174 2192 2199 2203 2220 2224 2257 2271 2294
 2303 2307 2311 2329 2336 2339 2360 2363 2386 2394 2404 2435 2438 2440
 2442 2445 2447 2450 2454 2466 2468 2478 2488 2499 2501 2503 2505 2513
 2521 2525 2528 2530 2532 2534 2536 2585 2601 2605 2632 2646 2674 2678
 2692 2704 2706 2718 2721 2725 2747 2751 2755 2761 2765 2769 2773 2775
 2777 2782 2788 2794 2797 2799 2803 2806 2809 2811 2813 2815 2817 2819
 2821 2823 2825 2827 2829 2831 2833 2835 2837 2839 2841 2843 2845 2847
 2849 2851 2853 2855 2857 2859 2861 2863 2865 2867 2869 2871 2873 2875
 2877 2879 2881 2883 2885 2887 2889 2891 2893 2895 2897 2899 2901 2903
 2905 2907 2909 2911 2913 2915 2917 2919 2927 2931 2933 2935 2937 2939
 2941 2943 2945 2947 2950 2952 2957 2969 2979 2982 2988 2992 3016 3020
 3033 3051 3055 3062 3076 3101 3114 3119]"	[ 903  904 1231]	2754.0	3.0	372.0	0.8809980806142035	0.998911860718172	0.001088139281828074
I25	[   106    343    580 ... 461822 461990 462383]	[    19    348    589 ... 461832 462000 462392]	[   1    2    3 ... 1709 1710 1711]	[   1    2    3 ... 1715 1716 1717]	[  0  17  59  85 100 307 308 328 395 396 431 433 772]	"[  0  17  18  60  86 101 143 145 292 311 312 331 333 400 401 402 429 431
 778]"	1699.0	19.0	13.0	0.9924065420560748	0.9889406286379511	0.011059371362048894
I26	[   277    620    957 ... 461639 461986 462335]	[   284    628    966 ... 461650 461997 462345]	[   0    1    2 ... 1506 1507 1508]	[   0    1    2 ... 1506 1507 1508]	[]	[]	1509.0	0.0	0.0	1.0	1.0	0.0
I32	[    72    373    690 ... 461848 462149 462470]	[    83    383    701 ... 461855 462155 462476]	[   0    1    2 ... 1616 1617 1618]	[   0    1    2 ... 1612 1613 1614]	[ 97 262 870 919 933 944]	[868 869]	1613.0	2.0	6.0	0.9962940086473132	0.9987616099071207	0.001238390092879257
I33	[    12    280    497 ... 462037 462321 462475]	[    26    287    503 ... 462043 462328 462481]	[   0    1    2 ... 1834 1835 1836]	[   0    1    2 ... 1824 1825 1826]	[  50   78   84  510  514  716  730  904 1152 1601]	[]	1827.0	0.0	10.0	0.994556341861731	1.0	0.0
I34	[    60    314    574 ... 462017 462219 462378]	[    66    321    580 ... 462023 462225 462383]	[   0    1    2 ... 1962 1963 1964]	[   0    1    2 ... 1930 1931 1932]	"[ 236  246  280  295  316  325  331  341  354  360  378  379  381  388
  391  394  400  414  419  427  437  740  750  942  964 1371 1586 1914
 1924 1936 1944 1958]"	[]	1933.0	0.0	32.0	0.9837150127226463	1.0	0.0
I39	[     2    200    403 ... 461828 462136 462437]	[    20    206    408 ... 461833 462141 462442]	[   0    1    2 ... 1772 1773 1774]	[   0    1    2 ... 1744 1745 1746]	"[ 25  29 130 134 152 169 178 181 190 206 217 223 230 243 248 253 267 281
 285 291 297 358 385 390 397 532 544 957]"	[]	1747.0	0.0	28.0	0.984225352112676	1.0	0.0
I47	[   117    279    614 ... 462047 462294 462532]	[   130    300    627 ... 462060 462307 462545]	[   0    1    2 ... 1950 1951 1952]	[   0    1    2 ... 1928 1929 1930]	"[  85  132  134  143  220  223  235  239  321  347  408  663  750  758
  804  829  888  902  913 1155 1169 1170 1296 1311 1331 1548 1623 1798
 1827 1864 1885 1888]"	[ 313  339  654 1137 1140 1154 1155 1295 1315 1532]	1921.0	10.0	32.0	0.9836149513568868	0.9948213360952874	0.005178663904712584
I48	[   209    446    676 ... 462077 462268 462483]	[   222    460    689 ... 462091 462282 462497]	[   0    1    2 ... 2354 2355 2356]	[   0    1    2 ... 2352 2353 2354]	[  36  104  327  401  514  700  710 1920]	[  36  104  512  698  708 1918]	2349.0	6.0	8.0	0.996605854900297	0.9974522292993631	0.0025477707006369425
I61	[    70    379    688 ... 461706 462059 462383]	[    19    394    704 ... 461721 462075 462399]	[   1    2    3 ... 1451 1452 1453]	[   1    2    3 ... 1451 1452 1453]	[0]	[0]	1453.0	1.0	1.0	0.9993122420907841	0.9993122420907841	0.000687757909215956
I62	[   266    546    817 ... 462078 462263 462456]	[    19    277    557 ... 462090 462274 462466]	[   0    1    2 ... 2266 2267 2268]	[   1    2    3 ... 2227 2228 2229]	"[ 278  308  312  317  392  394  395  396  397  398  399  400  401  402
  403  404  405  406  410  412  413  414  415  416  417  418  425  426
  427  428  429  431  432  433  436  448  449  459  463  468  483  485
  487  495  496  502  506  508  510  513  527  533  539  548  552  553
  554  560  580  581  582  587  588  590  605  611  625  743  752  815
  816  848  863 1485 1488 1489 1495 1500 1501 1507 1509 1510 1842 1961]"	"[  0 389 391 392 393 394 395 396 397 398 399 400 401 402 403 408 409 410
 411 412 419 420 421 422 423 425 426 427 430 442 455 460 475 485 486 533
 534 559 560 561 566 567 569 727 790]"	2185.0	45.0	84.0	0.9629792860290877	0.9798206278026906	0.020179372197309416
I64	[    31    272    515 ... 462077 462319 462564]	[    43    282    527 ... 461620 462088 462576]	[   0    1    2 ... 1908 1910 1912]	[   0    1    2 ... 1821 1822 1823]	"[   4  274  275  277  307  308  310  311  312  313  326  433  445  482
  592  661  886 1121 1123 1125 1127 1646 1650 1678 1692 1696 1697 1698
 1699 1717 1718 1721 1722 1723 1726 1727 1728 1729 1732 1736 1737 1741
 1742 1750 1751 1752 1755 1758 1759 1760 1761 1762 1763 1764 1771 1772
 1776 1777 1781 1782 1783 1784 1785 1788 1789 1790 1793 1794 1801 1802
 1803 1804 1813 1814 1815 1816 1821 1829 1830 1831 1833 1844 1848 1852
 1854 1855 1863 1864 1865 1868 1869 1870 1873 1884 1889 1902 1903 1905
 1909 1911]"	[   4  304  305  307  308  309  439  653 1633 1761 1762]	1813.0	11.0	100.0	0.9477260846837429	0.9939692982456141	0.006030701754385965
I66	[    50    265    385 ... 462121 462300 462505]	[    19    273    593 ... 462130 462309 462512]	[   1    4    5 ... 2337 2338 2339]	[   1    3    4 ... 2160 2161 2162]	"[   0    2    3    8   15   22   25   32   36   40   43   47   54   60
   63   67   71   79   82   86   89   93   99  102  105  112  118  125
  128  131  151  154  161  170  179  182  188  200  216  219  230  234
  238  242  246  250  257  265  273  285  288  291  294  301  324  347
  354  377  385  407  470  487  501  506  541  590  654  681  698  718
  728  738  746  755  780  812  820  839  844  849  870  878  893  899
  909  914  938  946  957  965  988 1023 1033 1039 1051 1065 1118 1198
 1221 1232 1256 1283 1297 1324 1342 1358 1364 1366 1405 1425 1443 1461
 1466 1495 1515 1536 1551 1565 1573 1582 1639 1691 1743 1751 1774 1796
 1812 1828 1843 1860 1873 1889 1900 1930 1982 2017 2023 2035 2041 2077
 2081 2089 2117 2122 2156 2162 2168 2175 2190 2196 2202 2207 2213 2217
 2221 2227 2232 2235 2238 2242 2249 2257 2260 2264 2270 2273 2277 2281
 2285 2289 2293 2297 2301 2309 2313 2317 2321 2325 2329 2333 2336]"	[   0    2  948 1353]	2159.0	4.0	181.0	0.9226495726495727	0.9981507165973186	0.0018492834026814608
I68	[    62    146    325 ... 462071 462250 462433]	[    19    155    335 ... 462081 462260 462442]	[   1    2    3 ... 2642 2643 2644]	[   1    2    3 ... 2613 2614 2615]	"[   0  291  361  512  533  552  595  596  668  772  786  794  815  866
  877 1040 1072 1110 1264 1347 1356 1368 1418 1742 2068 2115 2124 2371
 2382 2393 2593 2594]"	[   0  590 2565]	2613.0	3.0	32.0	0.9879017013232514	0.9988532110091743	0.0011467889908256881
I70	[    31     80    377 ... 461842 462113 462389]	[   101    398    696 ... 461864 462135 462410]	[   1    2    3 ... 1664 1665 1666]	[   0    1    2 ... 1546 1547 1548]	"[   0   21   26   34   39   44   54   67   83   90   95  100  106  110
  116  123  131  147  152  156  168  173  181  186  191  196  201  207
  211  216  221  226  230  234  239  244  249  256  262  268  272  276
  281  286  291  472  512  531  565  569  574  579  583  588  593  607
  612  618  625  630  636  641  649  653  657  660  664  670  675  679
  683  699  704  709  714  728  733  751  755  763  766  771  776  782
 1045 1467 1471 1474 1478 1482 1486 1490 1494 1499 1503 1508 1512 1516
 1521 1526 1532 1539 1548 1555 1564 1570 1575 1580 1585 1593 1600 1604
 1608 1613 1618 1622 1626 1631 1634]"	[961]	1548.0	1.0	119.0	0.9286142771445711	0.9993544222078761	0.0006455777921239509
I71	[    36    100    402 ... 461969 462260 462549]	[   121    422    724 ... 461983 462275 462564]	[   1    2    3 ... 1674 1675 1676]	[   0    1    2 ... 1644 1645 1646]	"[   0  396  573  585  588  594  613  616  618  642  648  656  665  670
  672  678  687  695  702  704  722  736  743  749 1170 1176 1192 1195
 1210 1215]"	[]	1647.0	0.0	30.0	0.9821109123434705	1.0	0.0
I72	[   -12    186    305 ... 462006 462339 462569]	[    19    195    322 ... 461897 462346 462576]	[   1    2    3 ... 2266 2268 2269]	[   1    2    3 ... 2050 2051 2052]	"[   0   17   72  101  108  118  143  150  189  203  224  229  303  319
  338  360  402  414  419  427  435  441  446  473  478  488  491  502
  507  514  526  540  543  561  572  589  601  618  625  636  640  642
  709  783  808  823  851  903  925  933  940  952  975  980 1002 1020
 1027 1065 1071 1075 1078 1099 1113 1121 1123 1170 1182 1192 1196 1212
 1224 1230 1253 1275 1278 1291 1296 1315 1330 1331 1338 1342 1346 1390
 1401 1424 1442 1444 1446 1450 1453 1454 1470 1478 1486 1496 1508 1528
 1532 1536 1540 1544 1548 1552 1558 1564 1570 1576 1592 1598 1602 1608
 1614 1619 1631 1635 1639 1643 1647 1651 1655 1661 1663 1669 1673 1675
 1681 1685 1689 1693 1697 1701 1704 1710 1713 1723 1728 1734 1738 1752
 1758 1762 1766 1772 1780 1783 1786 1789 1811 1814 1820 1825 1831 1833
 1836 1842 1848 1854 1859 1862 1865 1869 1872 1875 1878 1881 1886 1889
 1894 1899 1904 1909 1916 1921 1927 1933 1940 1943 1951 1975 1978 1981
 1984 1987 1993 2000 2007 2010 2015 2020 2025 2029 2034 2076 2079 2090
 2096 2100 2105 2108 2113 2116 2119 2158 2164 2172 2175 2180 2185 2191
 2199 2202 2244 2247 2252 2257 2261 2267]"	[0]	2052.0	1.0	218.0	0.9039647577092511	0.9995129079396006	0.0004870920603994155
I73	[   135    365    594 ... 461961 462193 462424]	[    19    372    602 ... 461968 462201 462432]	[   1    2    3 ... 1989 1990 1991]	[   1    2    3 ... 1927 1928 1929]	"[   0   46   49   54   58   63   67   70   73   83  119  149  218  221
  230  238  305  466  469  472  475  480  483  488  528  554  568  593
  594  597  620  873  876  882  888  891  896  900  903  924  944  947
  978  984  987 1000 1027 1131 1134 1236 1245 1249 1252 1259 1346 1435
 1629 1658 1663 1670 1673 1777 1951]"	[0]	1929.0	1.0	63.0	0.9683734939759037	0.9994818652849741	0.0005181347150259067
I74	[   -14    189    358 ... 462119 462327 462536]	[    20    198    368 ... 462128 462335 462544]	[   1    2    3 ... 2402 2403 2404]	[   1    2    3 ... 2399 2400 2401]	[   0  349  352  361  389  568  799 1242]	[  0 349 352 361 389]	2397.0	5.0	8.0	0.9966735966735967	0.9979184013322231	0.0020815986677768525
I75	[    26    170    453 ... 461960 462192 462405]	[    35    186    463 ... 461969 462200 462414]	[   0    1    2 ... 2100 2101 2102]	[   0    1    2 ... 2100 2101 2102]	[]	[]	2103.0	0.0	0.0	1.0	1.0	0.0
I30	[    12    246    504 ... 462232 462423 462545]	[    20    253    511 ... 462057 462237 462433]	[   0    1    2 ... 2458 2459 2460]	[   0    1    2 ... 2109 2110 2111]	"[  15   56   65  106  109  138  229  279  283  289  302  303  319  351
  360  366  415  420  425  430  434  439  442  445  448  450  453  456
  458  461  463  466  469  471  474  477  480  483  488  490  492  494
  497  500  503  505  507  510  512  514  516  518  521  523  525  527
  529  532  535  537  539  541  543  545  548  550  552  555  558  560
  562  565  567  569  572  574  577  578  586  612  615  620  622  624
  626  648  650  652  654  658  669  671  675  681  683  685  687  689
  697  699  701  703  705  707  709  711  713  715  717  719  721  723
  725  727  729  731  733  735  739  741  761  763  765  771  774  776
  778  780  782  784  791  795  818  820  826  830  831  843  846  850
  860  861  868  876  878  888  890  900  903  918  922  927  941  942
  944  946  950  952  953  957  966  973  979  981  983  985  987  990
  992  996 1000 1017 1021 1036 1045 1050 1059 1063 1070 1078 1079 1081
 1084 1088 1090 1095 1098 1102 1104 1108 1109 1114 1116 1121 1125 1136
 1142 1147 1152 1156 1160 1172 1176 1179 1185 1190 1194 1198 1202 1210
 1220 1225 1229 1237 1245 1252 1261 1266 1270 1274 1279 1285 1294 1300
 1304 1308 1329 1332 1337 1357 1363 1373 1377 1380 1390 1392 1405 1415
 1419 1437 1439 1441 1462 1474 1475 1477 1480 1496 1498 1500 1502 1505
 1506 1510 1519 1523 1527 1535 1542 1548 1673 1693 1697 1717 1719 1721
 1723 1725 1731 1769 1771 1777 1779 1789 1799 1802 1805 1809 1813 1817
 1821 1859 1875 1880 1885 1887 1900 1908 1910 1912 1920 1923 1930 1932
 1939 1945 1947 1949 1953 1958 1964 1968 1973 1979 1991 1994 2002 2007
 2011 2017 2021 2023 2029 2033 2035 2039 2045 2049 2079 2084 2089 2095
 2099 2107 2127 2131 2139 2143 2148 2150 2160 2164 2169 2171 2181 2196
 2205 2221 2242 2248 2266 2270 2276 2280 2300 2315 2319 2340 2342 2350
 2360 2369 2376 2382 2384 2406 2408 2410 2412 2414 2416 2418 2420 2422
 2426 2433 2438 2440 2445 2457 2461]"	"[ 292  500  503  698  706  711  726  796  797  804  805  818  887  912
  930  934  940 1248 1272 1546 1561]"	2091.0	21.0	371.0	0.8493095044679123	0.9900568181818182	0.009943181818181818
I56	[   108    400    689 ... 461869 462170 462465]	[    19    407    697 ... 461874 462178 462470]	[   1    2    3 ... 1702 1703 1704]	[   1    2    3 ... 1702 1703 1704]	[  0 659]	[  0 659]	1703.0	2.0	2.0	0.9988269794721407	0.9988269794721407	0.0011730205278592375
